ContractNum,RevisionNum,WorkType,Status,ContractType,Description,Requestor,BusinessOwner,Vendor,POSentDate,Negotiator,StartDate,EndDate,RenewalDate,DueDate,TermMonths,Quote,Negotiate,Cost,ContractReportCurrentAmount,Savings,BusinessArea
CTR-10000,0,Renewal,Approved,SFWCONTRACT,Data analytics platform services,TAYLOR GRANT (TGR55),Taylor Grant (TGR55),Harbor Business Solutions,2024-02-15,Daniel Reed (DRE44),2024-03-06,2024-04-05,2024-03-06,2024-02-01,1,912112.74,752289.13,729633.01,754794.39,182479.73,COMPANION DATA SERVICES
CTR-10001,0,Renewal,Approved,PURCHASE,Telecommunications services,Marcus  Hill (MHI58),Morgan Davis (MDA70),Keystone Medical Systems,2025-11-28,Daniel Reed (DRE44),2026-01-05,2028-01-06,2027-09-08,2025-11-26,24,1314868.56,1205104.72,1262120.12,1261122.37,52748.44,CORPORATE INFORMATION SYSTEMS
CTR-10002,0,Renewal,Review in Progress,LEASE,Cloud hosting services,Morgan Davis (MDA70),Daniel Reed (DRE44),Vanguard Software Group,,Olivia Brooks (OBR19),2026-07-17,2028-07-17,2028-06-02,2026-05-24,24,1207964.44,1143130.16,1164112.05,1116712.12,43852.39,COMPANION LIFE
CTR-10003,0,New,Draft,SERVICE,Facilities maintenance services,Ava Mitchell (AMI14),Liam Foster (LFO73),Yorkshire Equipment Leasing,,Daniel  Reed (DRE44),2027-03-07,2029-03-07,2029-01-21,2026-12-27,24,1646612.92,1486221.84,1451277.82,1425244.18,195335.10,BLUECHOICE
CTR-10004,0,Renewal,Pending Revision,SERVICE,Medical claims processing support,Daniel Reed (DRE44),olivia brooks (OBR19),Quantum Data Services,2026-04-18,Sofia Turner (STU33),2026-05-14,2026-08-13,2026-05-15,2026-03-20,3,954760.25,949789.87,984056.36,936322.28,0.00,PALMETTO GBA
CTR-10005,0,New,Waiting for IBO Decision,LEASE,Application development statement of work,ISAAC WARD (IWA63),Taylor Grant (TGR55),Northstar Communications,2024-12-26,Noah Parker (NPA82),2024-12-31,2029-12-31,2029-12-01,2024-11-16,60,916254.87,784134.58,774247.73,751795.61,142007.14,COMPANION DATA SERVICES
CTR-10006,0,Renewal,Review in Progress,LEASE,Hardware warranty and support,Maya Carter (MCA21),Lucas Hughes (LHU28),Juniper Analytics Group,2024-05-15,Daniel Reed (DRE44),2024-05-21,2029-05-21,2029-04-06,2024-04-28,60,301402.89,275778.00,278717.63,299723.79,22685.26,COMPANION LIFE
CTR-10007,0,Renewal,Pending Revision,SOW,Document management solution,Olivia Brooks (OBR19),Daniel Reed (DRE44),Quantum Data Services,,Lucas Hughes (LHU28),2025-03-27,2025-04-26,2025-03-27,2025-03-13,1,1630228.92,1589040.16,1520847.67,1491861.23,109381.25,PALMETTO GBA
CTR-10008,0,Renewal,Review in Progress,WARRANTY,Data analytics platform services,ETHAN COLLINS (ECO67),Priya Shah (PSH62),Pioneer Health Technologies,2024-04-13,Nora Bennett (NBE47),2024-04-20,2024-07-20,2024-06-20,2024-02-22,3,1551702.20,1341847.11,1300277.88,1311095.88,251424.32,PAL
CTR-10009,0,Renewal,Pending Revision,LEASE,Cloud hosting services,Jason Bourne (YTU76),Morgan Davis (MDA70),United Technology Partners,,Sofia Turner (STU33),2026-09-12,2027-09-12,2027-06-14,2026-08-29,12,8868.90,7895.77,8232.54,8661.18,636.36,PGBA LLC
CTR-10010,0,Renewal,Waiting for IBO Decision,WARRANTY,Medical claims processing support,Ethan Collins (ECO67),Lucas Hughes (LHU28),Global Cloud Partners,2024-04-23,Maya Carter (MCA21),2024-04-27,2024-05-27,2024-01-28,2024-02-19,1,1655299.90,1515597.06,1448437.86,1471638.51,206862.04,CORPORATE INFORMATION SYSTEMS
CTR-10011,0,Renewal,Pending Revision,SERVICE,Managed network services,NATALIE ROSS (NRO84),Priya Shah (PSH62),TriCounty Business Solutions,,Miles Cooper (MCO36),2025-06-18,2026-06-18,2026-04-19,2025-05-12,12,239926.52,,223656.03,239484.70,16270.49,BLUECHOICE
CTR-10012,0,New,Approved,SERVICE,Business intelligence reporting support,Grace Morgan (GMO26),Ava Mitchell (AMI14),IronGate Security,2026-11-05,Sofia Turner (STU33),2027-01-17,2028-07-18,2028-03-20,2026-11-04,18,1203814.45,1107302.73,1155111.19,1112910.64,48703.26,COMPANION DATA SERVICES
CTR-10013,0,Renewal,Approved,SFWCONTRACT,Training and implementation services,Ethan Collins (ECO67),Noah Parker (NPA82),Global Cloud Partners,2024-03-05,Noah Parker (NPA82),2024-04-14,2024-07-14,2024-04-15,2024-03-03,3,11364.51,10896.31,11045.71,10869.58,318.80,MEDICAID
CTR-10014,0,New,Approved,PURCHASE,Disaster recovery hosting,Lucas Hughes (LHU28),NORA BENNETT (NBE47),Blue Ridge Consulting LLC,2024-02-19,Chloe Evans (CEV31),2024-03-22,2026-03-23,2026-02-06,2024-02-13,24,639853.15,589163.37,611240.07,658060.33,28613.08,MEDICAID
CTR-10015,0,New,Waiting on SAM/HAM Approval,PURCHASE,Telecommunications services,Taylor Grant (TGR55),Nora Bennett (NBE47),Apex Technology Solutions,2025-06-30,Taylor Grant (TGR55),2025-06-30,2025-12-30,2025-11-30,2025-05-06,6,74510.67,67411.61,65386.38,69924.11,9124.29,COMPANION DATA SERVICES
CTR-10016,0,New,Waiting for IBO Decision,SUBSCRIPTION,Facilities maintenance services,Morgan Davis (MDA70),Aaron Jackson (AJA11),IronGate Security,2026-12-21,Priya Shah (PSH62),2027-01-03,2029-01-03,2028-12-04,2026-12-13,24,325529.23,323333.92,315750.65,304412.78,9778.58,CGS
CTR-10017,0,Renewal,Review in Progress,SUBSCRIPTION,Managed network services,Maya Carter (MCA21),Jason Bourne (YTU76),Global Cloud Partners,2025-02-02,Emma Sullivan (ESU75),2025-02-07,2027-02-08,2026-11-10,2025-01-23,24,1123563.96,1055486.93,1015866.62,1083935.87,107697.34,CORPORATE INFORMATION SYSTEMS
CTR-10018,0,Renewal,Review in Progress,SERVICE,Telecommunications services,Priya Shah (PSH62),Sofia Turner (STU33),Vanguard Software Group,2023-12-19,Chloe Evans (CEV31),2024-01-01,2025-07-02,2025-05-03,2023-11-29,18,839653.80,755343.12,733717.75,742165.93,105936.05,PAL
CTR-10019,0,New,Review in Progress,SOW,Professional consulting services,Priya Shah (PSH62),ethan collins (ECO67),Yorkshire Equipment Leasing,2026-08-07,Maya Carter (MCA21),2026-08-31,2026-11-30,2026-09-01,2026-07-02,3,354011.25,,334474.16,328359.30,19537.09,COMPANION LIFE
CTR-10020,0,Renewal,Approved,SUBSCRIPTION,Data analytics platform services,ISAAC WARD (IWA63),Ava Mitchell (AMI14),Frontier Network Services,2026-07-21,Olivia Brooks (OBR19),2026-08-09,2031-08-09,2031-04-11,2026-06-23,60,1104710.92,1048889.12,1049390.30,1110227.64,55320.62,PGBA LLC
CTR-10021,0,New,Draft,SERVICE,Cybersecurity monitoring services,Zoe Ramirez (ZRA52),Noah Parker (NPA82),Yorkshire Equipment Leasing,,Jordan Lee (JLE39),2025-07-10,2027-07-11,2027-05-12,2025-06-23,24,420114.36,396970.67,405164.90,388289.68,14949.46,PGBA LLC
CTR-10022,0,New,Pending Revision,HOSTING AGREEMENT,Managed network services,Jason Bourne (YTU76),Chloe Evans (CEV31),Metro Facilities Group,,Nora Bennett (NBE47),2027-01-23,2028-01-23,2027-10-25,2026-12-19,12,876727.38,780282.37,793459.28,836114.46,83268.10,PALMETTO GBA
CTR-10023,0,Renewal,Review in Progress,SUBSCRIPTION,Managed network services,Daniel Reed (DRE44),Marcus Hill (MHI58),Summit Enterprise Systems,,SOFIA TURNER (STU33),2026-02-15,2028-02-16,2028-01-02,2025-12-12,24,1371407.33,1218142.58,1248840.97,1321461.27,122566.36,BLUECHOICE
CTR-10024,0,New,Waiting on Vendor Approval,SOW,Data analytics platform services,Morgan Davis (MDA70),Maya Carter (MCA21),United Technology Partners,2024-02-03,Ava  Mitchell (AMI14),2024-02-11,2024-08-12,2024-06-28,2024-01-19,6,1206678.63,1111971.88,1080610.33,1124840.19,126068.30,CGS
CTR-10025,0,Renewal,Approved,PURCHASE,Application development statement of work,Jason Bourne (YTU76),Lucas Hughes (LHU28),Delta Office Supply,2025-01-09,Caleb Price (CPR91),2025-02-10,2025-05-12,2025-01-12,2025-01-03,3,1256461.44,1098505.24,1118746.19,1179962.45,137715.25,PRIVATE BUSINESS
CTR-10026,0,New,Waiting for IBO Decision,LEASE,Business intelligence reporting support,Jason Bourne (YTU76),ZOE RAMIREZ (ZRA52),United Technology Partners,2026-07-24,Grace Morgan (GMO26),2026-07-30,2027-01-29,2026-10-31,2026-07-01,6,941535.41,882296.20,892523.10,954598.35,49012.31,MEDICAID
CTR-10027,0,Renewal,IBO Expiration Reply Past Due (2),SERVICE,Professional consulting services,Ava Mitchell (AMI14),Lucas Hughes (LHU28),IronGate Security,2026-08-28,Caleb Price (CPR91),2026-10-09,2028-10-09,2028-08-25,2026-08-01,24,641910.81,556217.92,543962.13,558921.17,97948.68,PALMETTO GBA
CTR-10028,0,New,Draft,SUBSCRIPTION,IT staff augmentation,Jordan Lee (JLE39),Jordan Lee (JLE39),Redwood Consulting,2025-03-06,JASON BOURNE (YTU76),2025-03-29,2028-03-29,2028-02-13,2025-02-11,36,854502.58,782353.46,776525.23,812999.87,77977.35,COMPANION LIFE
CTR-10029,0,New,Approved,SERVICE,Facilities maintenance services,Morgan Davis (MDA70),Ethan  Collins (ECO67),Delta Office Supply,2026-11-27,Zoe Ramirez (ZRA52),2026-12-10,2028-06-10,2028-05-11,2026-11-09,18,413332.28,352282.89,335167.17,341682.00,78165.11,PGBA LLC
CTR-10030,0,Renewal,Approved,WARRANTY,Network infrastructure maintenance,Chloe Evans (CEV31),Isaac Ward (IWA63),Apex Technology Solutions,2026-08-09,Maya Carter (MCA21),2026-09-05,2026-12-05,2026-11-05,2026-07-09,3,137977.50,128774.43,123026.06,119260.93,14951.44,PRIVATE BUSINESS
CTR-10031,0,New,Waiting on IBO Expiration Reply,SERVICE,Business intelligence reporting support,Isaac Ward (IWA63),Lucas Hughes (LHU28),Metro Facilities Group,2024-04-15,Chloe Evans (CEV31),2024-05-03,2024-08-02,2024-06-18,2024-03-30,3,,1009839.05,976899.47,937587.50,213569.04,PALMETTO GBA
CTR-10032,0,New,Draft,SFWCONTRACT,Document management solution,Noah Parker (NPA82),Aaron Jackson (AJA11),Carolina Data Systems,2026-12-14,Ethan Collins (ECO67),2027-01-20,2028-01-20,2027-12-06,2026-12-10,12,112050.28,107867.80,108893.02,115116.39,3157.26,COMPANION LIFE
CTR-10033,0,New,Pending Revision,SFWCONTRACT,Business intelligence reporting support,ISAAC WARD (IWA63),Maya Carter (MCA21),Redwood Consulting,2025-05-27,Taylor Grant (TGR55),2025-05-27,2025-06-26,2025-05-27,2025-04-21,1,1058885.66,872240.31,895333.78,946175.10,163551.88,PALMETTO GBA
CTR-10034,0,New,Pending Revision,SFWCONTRACT,Software subscription renewal,Aaron Jackson (AJA11),Daniel Reed (DRE44),Summit Enterprise Systems,2024-06-22,Nora Bennett (NBE47),2024-08-02,2025-02-01,2024-12-03,2024-06-04,6,1194337.45,1065446.23,1093201.08,1043756.28,101136.37,PAL
CTR-10035,0,Renewal,Waiting on Senior Management Approval,HOSTING AGREEMENT,Disaster recovery hosting,Maya  Carter (MCA21),Grace Morgan (GMO26),Oakline Software,2024-04-01,Zoe Ramirez (ZRA52),2024-04-15,2025-04-15,2025-02-14,2024-03-23,12,791418.39,748432.50,720098.80,775192.90,71319.59,PAL
CTR-10036,0,New,Review in Progress,LEASE,Data analytics platform services,Olivia Brooks (OBR19),Marcus Hill (MHI58),Delta Office Supply,,Jordan Lee (JLE39),2025-07-13,2028-07-13,2028-04-14,2025-05-07,36,994520.81,884174.23,921474.72,936284.03,73046.09,PALMETTO GBA
CTR-10037,0,Renewal,Pending Revision,SFWCONTRACT,Enterprise software licensing and support,Lucas Hughes (LHU28),Priya Shah (PSH62),Juniper Analytics Group,2026-08-14,Marcus Hill (MHI58),2026-09-18,2028-09-18,2028-07-20,2026-07-25,24,1565935.02,1560516.00,1519756.19,1519431.28,46178.83,CORPORATE INFORMATION SYSTEMS
CTR-10038,0,New,Waiting on Vendor Approval,SUBSCRIPTION,Database administration services,Zoe Ramirez (ZRA52),Marcus Hill (MHI58),Vanguard Software Group,2024-07-08,Lucas Hughes (LHU28),2024-07-24,2028-07-24,2028-06-24,2024-05-11,48,32548.94,27534.71,28556.06,30729.02,3992.88,COMPANION DATA SERVICES
CTR-10039,0,Renewal,Pending Revision,LEASE,Facilities maintenance services,Caleb Price (CPR91),Aaron Jackson (AJA11),Vanguard Software Group,,Morgan Davis (MDA70),2027-01-13,2027-02-12,2026-10-15,2026-12-29,1,1233497.24,1075274.35,1045971.65,1005962.52,187525.59,PGBA LLC
CTR-10040,0,New,Approved,SFWCONTRACT,Enterprise software licensing and support,Maya Carter (MCA21),Grace Morgan (GMO26),Blue Ridge Consulting LLC,2027-02-06,Ava Mitchell (AMI14),2027-03-05,2027-09-04,2027-07-21,2027-02-04,6,1099037.76,976888.48,994778.69,1009398.70,104259.07,MEDICAID
CTR-10041,0,New,Waiting for IBO Decision,WARRANTY,Application development statement of work,SOFIA TURNER (STU33),Grace Morgan (GMO26),Vanguard Software Group,2026-04-15,Chloe Evans (CEV31),2026-05-18,2027-11-17,2027-08-19,2026-04-03,18,1798875.55,1751385.92,1682495.73,1681784.64,116379.82,PGBA LLC
CTR-10042,0,New,Waiting on SAM/HAM Approval,SUBSCRIPTION,Cybersecurity monitoring services,Priya Shah (PSH62),Maya Carter (MCA21),Apex Technology Solutions,2025-07-02,Taylor Grant (TGR55),2025-08-09,2026-08-09,2026-04-11,2025-06-18,12,1147729.09,1069408.53,1088418.81,1136005.23,59310.28,PRIVATE BUSINESS
CTR-10043,0,Renewal,Waiting for IBO Decision,SFWCONTRACT,Document management solution,Grace Morgan (GMO26),Daniel Reed (DRE44),Blue Ridge Consulting LLC,2024-12-05,Liam Foster (LFO73),2024-12-25,2025-12-25,2025-11-10,2024-11-02,12,905721.60,787121.82,760717.38,813074.79,145004.22,PRIVATE BUSINESS
CTR-10044,0,Renewal,Waiting on SAM/HAM Approval,WARRANTY,Professional consulting services,Priya Shah (PSH62),Caleb Price (CPR91),Evergreen Software Inc.,2026-01-18,Emma Sullivan (ESU75),2026-03-19,2026-04-18,2026-02-17,2026-01-03,1,821340.92,772971.42,786292.87,806730.83,35048.05,COMPANION LIFE
CTR-10045,0,New,Approved,SOW,Training and implementation services,Aaron Jackson (AJA11),Jordan Lee (JLE39),Harbor Business Solutions,2024-02-06,NORA BENNETT (NBE47),2024-04-02,2024-05-02,2024-03-03,2024-01-23,1,179459.64,175817.81,169412.14,170932.39,10047.50,CGS
CTR-10046,0,New,Waiting on Contract Manager Approval,PURCHASE,Telecommunications services,Zoe Ramirez (ZRA52),NOAH PARKER (NPA82),United Technology Partners,2026-06-21,Grace  Morgan (GMO26),2026-06-29,2027-06-29,2027-04-30,2026-06-10,12,982316.22,978398.40,964571.07,966266.93,17745.15,CGS
CTR-10047,0,New,Waiting for IBO Decision,HOSTING AGREEMENT,Cloud hosting services,Marcus Hill (MHI58),ETHAN COLLINS (ECO67),Keystone Medical Systems,2027-04-15,Morgan Davis (MDA70),2027-04-15,2028-04-14,2028-02-29,2027-02-25,12,269859.75,265028.07,251851.82,267364.08,18007.93,COMPANION LIFE
CTR-10048,0,New,Waiting for IBO Decision,HOSTING AGREEMENT,Medical claims processing support,Ava Mitchell (AMI14),jason bourne (YTU76),Apex Technology Solutions,2026-05-12,MAYA CARTER (MCA21),2026-05-12,2031-05-12,2031-04-12,2026-04-27,60,809654.01,716679.02,723391.87,729729.29,86262.14,MEDICAID
CTR-10049,0,Renewal,Waiting for IBO Decision,SFWCONTRACT,Document management solution,Maya Carter (MCA21),Caleb Price (CPR91),United Technology Partners,2026-06-17,Olivia Brooks (OBR19),2026-06-27,2026-09-26,2026-08-27,2026-05-10,3,271259.22,228594.07,231435.89,237475.77,39823.33,BLUECHOICE
CTR-10050,0,New,Review in Progress,SUBSCRIPTION,Network infrastructure maintenance,Aaron Jackson (AJA11),Morgan Davis (MDA70),Westbridge Solutions,,Ethan Collins (ECO67),2025-04-12,2028-04-12,2028-02-12,2025-02-06,36,1314654.45,1151977.40,1130380.54,1111317.43,184273.91,CGS
CTR-10051,0,New,Approved,SUBSCRIPTION,Network infrastructure maintenance,Marcus Hill (MHI58),Lucas Hughes (LHU28),Xenon Cloud Services,2024-09-01,Emma Sullivan (ESU75),2024-09-07,2027-09-08,2027-07-10,2024-07-08,36,1648939.39,1367399.96,1338360.41,1325804.39,310578.98,MEDICAID
CTR-10052,0,New,Waiting on Senior Management Approval,SOW,Disaster recovery hosting,Morgan Davis (MDA70),Ava Mitchell (AMI14),Liberty Professional Services,2027-01-05,Emma Sullivan (ESU75),2027-02-14,2027-03-16,2026-11-16,2027-01-04,1,,311248.87,305303.54,303525.82,23543.31,CGS
CTR-10053,0,New,Approved,HOSTING AGREEMENT,Professional consulting services,Ethan Collins (ECO67),Isaac Ward (IWA63),Xenon Cloud Services,2025-10-05,Grace Morgan (GMO26),2025-10-26,2026-01-25,2025-12-26,2025-09-30,3,1359212.40,1126728.97,1079584.55,1087794.45,279627.85,PGBA LLC
CTR-10054,0,New,Review in Progress,SOW,Telecommunications services,Priya Shah (PSH62),Zoe Ramirez (ZRA52),Delta Office Supply,,CHLOE EVANS (CEV31),2026-03-20,2026-04-19,2026-03-20,2026-02-15,1,,324505.04,316571.52,314246.59,67593.47,CORPORATE INFORMATION SYSTEMS
CTR-10055,0,New,Waiting on Contract Manager Approval,SOW,Professional consulting services,NORA BENNETT (NBE47),Daniel Reed (DRE44),Metro Facilities Group,2026-03-30,Lucas Hughes (LHU28),2026-04-08,2029-04-08,2029-02-07,2026-03-18,36,42437.52,37279.59,38402.91,39568.68,4034.61,BLUECHOICE
CTR-10056,0,Renewal,Draft,SUBSCRIPTION,Business intelligence reporting support,Chloe Evans (CEV31),Ava Mitchell (AMI14),Carolina Data Systems,2024-08-12,SOFIA TURNER (STU33),2024-08-21,2029-08-21,2029-04-23,2024-07-21,60,635224.02,630447.26,639616.67,619916.27,0.00,PAL
CTR-10057,0,New,Waiting on IBO Expiration Reply,LEASE,Software subscription renewal,Isaac Ward (IWA63),Morgan Davis (MDA70),Yorkshire Equipment Leasing,2027-02-18,Priya Shah (PSH62),2027-03-02,2029-03-02,2029-01-01,2027-02-04,24,127573.83,114765.09,112502.16,110894.23,15071.67,PALMETTO GBA
CTR-10058,0,New,Approved,SFWCONTRACT,Professional consulting services,Natalie Ross (NRO84),Caleb Price (CPR91),United Technology Partners,2024-03-14,Emma Sullivan (ESU75),2024-03-25,2028-03-25,2027-11-26,2024-02-23,48,1090985.47,993065.28,1038520.10,1047418.14,52465.37,CGS
CTR-10059,0,New,Waiting for IBO Decision,HOSTING AGREEMENT,Data analytics platform services,Isaac Ward (IWA63),natalie ross (NRO84),Westbridge Solutions,2026-03-03,Grace Morgan (GMO26),2026-03-04,2029-03-04,2029-01-03,2026-02-19,36,1137441.40,1001217.87,984166.20,1006344.60,153275.20,PALMETTO GBA
CTR-10060,0,Renewal,Review in Progress,PURCHASE,Facilities maintenance services,priya shah (PSH62),Grace Morgan (GMO26),Carolina Data Systems,,Aaron Jackson (AJA11),2026-03-13,2026-09-12,2026-05-15,2026-02-24,6,681139.35,655596.05,676128.32,701222.91,5011.03,PRIVATE BUSINESS
CTR-10061,0,New,Waiting for IBO Decision,SUBSCRIPTION,Business intelligence reporting support,Grace Morgan (GMO26),Ethan Collins (ECO67),Liberty Professional Services,2025-04-01,Morgan Davis (MDA70),2025-04-08,2025-10-08,2025-08-24,2025-03-23,6,1520748.96,1274699.90,1309228.30,1385904.01,211520.66,BLUECHOICE
CTR-10062,0,Renewal,Approved,SUBSCRIPTION,Medical claims processing support,Jordan Lee (JLE39),Sofia Turner (STU33),Frontier Network Services,2025-04-16,Maya Carter (MCA21),2025-05-01,2029-05-01,2029-01-01,2025-03-19,48,425035.29,366826.85,383906.18,403857.07,41129.11,COMPANION DATA SERVICES
CTR-10063,0,New,Pending Revision,SFWCONTRACT,Database administration services,Nora Bennett (NBE47),Ethan Collins (ECO67),Quantum Data Services,2024-04-12,Marcus Hill (MHI58),2024-04-16,2028-04-16,2028-02-16,2024-03-27,48,1532843.06,1335583.54,1370724.99,1350798.58,162118.07,PGBA LLC
CTR-10064,0,Renewal,Draft,WARRANTY,Hardware warranty and support,Maya Carter (MCA21),Grace Morgan (GMO26),Apex Technology Solutions,2024-01-17,Daniel Reed (DRE44),2024-02-27,2026-02-27,2026-01-28,2024-01-09,24,73754.23,72657.60,72457.46,76663.21,1296.77,PAL
CTR-10065,0,Renewal,Approved,SERVICE,Medical claims processing support,Miles Cooper (MCO36),Morgan Davis (MDA70),Redwood Consulting,2025-03-07,CHLOE EVANS (CEV31),2025-05-03,2028-05-03,2028-01-04,2025-02-27,36,203989.92,200507.09,202446.78,192756.99,1543.14,PRIVATE BUSINESS
CTR-10066,0,New,Review in Progress,SERVICE,Managed network services,Priya Shah (PSH62),Miles Cooper (MCO36),Northstar Communications,,Daniel Reed (DRE44),2027-01-19,2032-01-19,2031-09-21,2027-01-10,60,848892.47,793222.73,831379.87,817225.24,17512.60,COMPANION DATA SERVICES
CTR-10067,0,Renewal,Waiting for IBO Decision,SOW,Medical claims processing support,Emma Sullivan (ESU75),aaron jackson (AJA11),Blue Ridge Consulting LLC,2026-09-06,Morgan Davis (MDA70),2026-09-07,2027-03-09,2027-01-23,2026-08-23,6,71385.90,61126.77,62906.23,67004.74,8479.67,MEDICAID
CTR-10068,0,Renewal,Review in Progress,HOSTING AGREEMENT,Office equipment purchase,MORGAN DAVIS (MDA70),Aaron Jackson (AJA11),Juniper Analytics Group,,Olivia Brooks (OBR19),2026-06-13,2029-06-13,2029-03-15,2026-04-18,36,340336.91,321472.83,317208.39,334225.93,23128.52,MEDICAID
CTR-10069,0,New,Waiting on Vendor Approval,PURCHASE,Disaster recovery hosting,OLIVIA BROOKS (OBR19),Priya Shah (PSH62),Juniper Analytics Group,2026-04-29,Isaac Ward (IWA63),2026-05-22,2026-11-21,2026-08-23,2026-04-01,6,81027.52,79132.02,77965.29,84183.77,3062.23,MEDICAID
CTR-10070,0,New,Waiting for IBO Decision,SOW,Business intelligence reporting support,jason bourne (YTU76),Natalie Ross (NRO84),Xenon Cloud Services,2024-04-18,ISAAC WARD (IWA63),2024-05-17,2025-05-17,2025-03-18,2024-03-25,12,1709293.47,1411584.73,1362664.59,1374233.52,346628.88,COMPANION DATA SERVICES
CTR-10071,0,New,Manager Draft Approval Past Due,SOW,Cybersecurity monitoring services,Jason Bourne (YTU76),Zoe Ramirez (ZRA52),Harbor Business Solutions,2025-06-05,EMMA SULLIVAN (ESU75),2025-06-17,2029-06-17,2029-05-03,2025-05-05,48,364320.12,307643.25,294539.25,286423.32,69780.87,CGS
CTR-10072,0,Renewal,Waiting on Vendor Approval,SOW,Professional consulting services,Chloe Evans (CEV31),Sofia Turner (STU33),Redwood Consulting,2025-12-25,Jordan Lee (JLE39),2026-01-10,2031-01-10,2030-11-26,2025-12-19,60,1426757.88,1230739.20,1230003.46,1226210.80,196754.42,PGBA LLC
CTR-10073,0,New,Waiting on Vendor Approval,LEASE,Application development statement of work,Miles Cooper (MCO36),Nora Bennett (NBE47),Metro Facilities Group,2025-10-11,DANIEL REED (DRE44),2025-10-11,2026-01-10,2025-10-12,2025-08-06,3,623404.03,609709.61,626797.51,647590.40,0.00,PALMETTO GBA
CTR-10074,0,Renewal,Approved,LEASE,Business intelligence reporting support,sofia turner (STU33),Jordan Lee (JLE39),Evergreen Software Inc.,2024-05-07,Miles Cooper (MCO36),2024-06-10,2025-12-10,2025-10-26,2024-04-29,18,1126915.14,1048703.95,1006066.63,1039597.19,120848.51,CORPORATE INFORMATION SYSTEMS
CTR-10075,0,Renewal,Waiting on Vendor Approval,SOW,Managed network services,DANIEL REED (DRE44),Aaron Jackson (AJA11),Blue Ridge Consulting LLC,2027-03-14,Noah Parker (NPA82),2027-03-17,2030-03-17,2029-11-17,2027-03-07,36,1600749.40,1469814.42,1490672.16,1474680.58,110077.24,BLUECHOICE
CTR-10076,0,New,Waiting on Contract Manager Approval,PURCHASE,Document management solution,Isaac  Ward (IWA63),natalie ross (NRO84),Northstar Communications,2025-11-16,Jordan Lee (JLE39),2025-12-08,2028-12-08,2028-10-24,2025-10-15,36,1013163.93,888991.43,886010.87,872518.09,127153.06,PALMETTO GBA
CTR-10077,0,New,Review in Progress,SERVICE,Software subscription renewal,Taylor Grant (TGR55),morgan davis (MDA70),Keystone Medical Systems,2025-09-21,Miles Cooper (MCO36),2025-09-23,2029-09-23,2029-08-24,2025-09-05,48,825729.00,712877.57,718818.98,687424.96,106910.02,PRIVATE BUSINESS
CTR-10078,0,Renewal,Draft,HOSTING AGREEMENT,Network infrastructure maintenance,Noah Parker (NPA82),Morgan Davis (MDA70),Northstar Communications,2027-01-23,Maya Carter (MCA21),2027-03-13,2032-03-12,2032-01-27,2027-01-19,60,698496.14,629389.58,632527.53,668765.33,65968.61,COMPANION DATA SERVICES
CTR-10079,0,New,Manager Draft Approval Past Due,SOW,Disaster recovery hosting,Ethan Collins (ECO67),Caleb Price (CPR91),Liberty Professional Services,2025-09-28,MAYA CARTER (MCA21),2025-11-13,2029-11-13,2029-07-16,2025-09-09,48,1093237.64,997897.51,980730.26,1009856.83,112507.38,COMPANION DATA SERVICES
CTR-10080,0,New,IBO Expiration Reply Past Due (2),WARRANTY,Managed network services,Jason Bourne (YTU76),PRIYA SHAH (PSH62),Juniper Analytics Group,2024-01-22,Nora Bennett (NBE47),2024-02-24,2028-02-24,2027-12-26,2024-01-19,48,1052424.28,895289.10,906840.59,934558.77,145583.69,PALMETTO GBA
CTR-10081,0,New,Waiting on Vendor Approval,LEASE,Office equipment purchase,Liam Foster (LFO73),Nora Bennett (NBE47),Apex Technology Solutions,2026-07-07,Nora Bennett (NBE47),2026-08-23,2026-09-22,2026-08-08,2026-06-11,1,1011791.76,1011449.89,1009262.22,1008240.06,2529.54,PALMETTO GBA
CTR-10082,0,New,Waiting for IBO Decision,SFWCONTRACT,Training and implementation services,Ava Mitchell (AMI14),Chloe Evans (CEV31),Pioneer Health Technologies,2025-02-04,Chloe Evans (CEV31),2025-02-28,2029-02-28,2028-12-30,2024-12-22,48,1011075.22,999151.98,1021299.62,1008444.13,0.00,COMPANION LIFE
CTR-10083,0,New,Manager Draft Approval Past Due,PURCHASE,Application development statement of work,JORDAN LEE (JLE39),Isaac Ward (IWA63),Blue Ridge Consulting LLC,2025-01-15,Taylor Grant (TGR55),2025-02-17,2030-02-17,2029-12-19,2025-01-07,60,201061.71,191684.27,186686.72,178584.42,14374.99,CORPORATE INFORMATION SYSTEMS
CTR-10084,0,New,IBO Expiration Reply Past Due (2),WARRANTY,Network infrastructure maintenance,Jason Bourne (YTU76),Sofia Turner (STU33),Vanguard Software Group,2025-02-10,Zoe Ramirez (ZRA52),2025-02-12,2026-08-14,2026-06-15,2024-12-31,18,111196.84,106567.77,108190.78,106047.37,3006.06,COMPANION DATA SERVICES
CTR-10085,0,Renewal,Pending Revision,PURCHASE,Cloud hosting services,Sofia Turner (STU33),Chloe Evans (CEV31),Metro Facilities Group,2024-08-05,Jason Bourne (YTU76),2024-08-07,2026-08-08,2026-06-09,2024-06-03,24,1601221.63,1351680.83,1352250.25,1332600.46,248971.38,PALMETTO GBA
CTR-10086,0,Renewal,Waiting on Contract Manager Approval,HOSTING AGREEMENT,Facilities maintenance services,Priya Shah (PSH62),Sofia Turner (STU33),Juniper Analytics Group,2026-05-19,Aaron Jackson (AJA11),2026-05-25,2031-05-25,2031-03-26,2026-05-07,60,1206314.26,1029300.45,992308.61,984437.83,214005.65,PRIVATE BUSINESS
CTR-10087,0,Renewal,Waiting on Vendor Approval,SFWCONTRACT,Managed network services,Jason Bourne (YTU76),Grace Morgan (GMO26),Xenon Cloud Services,2026-07-27,Maya Carter (MCA21),2026-08-11,2028-02-10,2027-12-27,2026-06-14,18,907024.25,889900.82,908015.38,899323.07,0.00,PRIVATE BUSINESS
CTR-10088,0,Renewal,Draft,PURCHASE,IT staff augmentation,Taylor Grant (TGR55),Grace Morgan (GMO26),Evergreen Software Inc.,2027-01-04,Emma Sullivan (ESU75),2027-01-05,2028-01-05,2027-11-21,2026-12-19,12,1268260.19,1057803.18,1064590.97,1019908.54,203669.22,PALMETTO GBA
CTR-10089,0,New,IBO Expiration Reply Past Due (2),WARRANTY,Network infrastructure maintenance,Jordan Lee (JLE39),Daniel Reed (DRE44),Vanguard Software Group,2026-06-16,Isaac Ward (IWA63),2026-07-17,2027-01-16,2026-09-18,2026-05-18,6,1017220.58,936436.48,952615.08,943148.03,,COMPANION LIFE
CTR-10090,0,New,Approved,SUBSCRIPTION,Hardware warranty and support,Emma Sullivan (ESU75),Daniel Reed (DRE44),Westbridge Solutions,2026-03-11,ZOE RAMIREZ (ZRA52),2026-04-17,2026-10-17,2026-09-02,2026-02-16,6,1787177.59,1588526.24,1647241.39,1759055.72,139936.20,CGS
CTR-10091,0,New,Waiting for IBO Decision,SOW,Network infrastructure maintenance,Caleb Price (CPR91),Taylor Grant (TGR55),Frontier Network Services,2025-08-07,Jason Bourne (YTU76),2025-09-03,2029-09-03,2029-05-06,2025-07-04,48,685801.26,590707.74,588381.84,570827.93,97419.42,PGBA LLC
CTR-10092,0,New,Waiting for IBO Decision,HOSTING AGREEMENT,Data analytics platform services,Olivia Brooks (OBR19),Isaac Ward (IWA63),Global Cloud Partners,2025-04-12,Jordan Lee (JLE39),2025-05-16,2025-06-15,2025-03-17,2025-03-14,1,973868.86,930813.56,956509.94,926109.78,17358.92,CGS
CTR-10093,0,New,Review in Progress,SOW,Data analytics platform services,Priya Shah (PSH62),Nora Bennett (NBE47),Juniper Analytics Group,,Maya Carter (MCA21),2024-12-24,2027-12-25,2027-08-27,2024-10-15,36,623224.62,583211.66,576280.46,586757.35,46944.16,COMPANION DATA SERVICES
CTR-10094,0,New,Review in Progress,SERVICE,Data analytics platform services,Isaac Ward (IWA63),Emma Sullivan (ESU75),Juniper Analytics Group,,Nora Bennett (NBE47),2024-10-01,2027-10-02,2027-08-18,2024-08-23,36,1165837.00,1149516.10,1189419.64,1144245.86,0.00,COMPANION DATA SERVICES
CTR-10095,0,Renewal,Review in Progress,LEASE,Office equipment purchase,Taylor Grant (TGR55),Ethan Collins (ECO67),Yorkshire Equipment Leasing,2024-01-25,Liam Foster (LFO73),2024-02-01,2025-01-31,2024-12-17,2024-01-10,12,1646422.13,1556219.16,1587930.02,1590410.63,58492.11,PRIVATE BUSINESS
CTR-10096,0,New,Waiting for IBO Decision,SFWCONTRACT,Cybersecurity monitoring services,Zoe Ramirez (ZRA52),Taylor Grant (TGR55),Liberty Professional Services,2026-01-26,Liam Foster (LFO73),2026-01-29,2028-01-30,2027-11-01,2026-01-17,24,1556032.29,1483560.75,1411789.03,1442750.27,144243.26,PGBA LLC
CTR-10097,0,New,Draft,SERVICE,IT staff augmentation,Noah Parker (NPA82),Zoe Ramirez (ZRA52),Redwood Consulting,,Aaron Jackson (AJA11),2026-08-01,2027-01-31,2026-12-02,2026-07-04,6,986050.66,841228.02,873982.46,942801.64,112068.20,MEDICAID
CTR-10098,0,New,Waiting on SAM/HAM Approval,HOSTING AGREEMENT,Enterprise software licensing and support,Aaron Jackson (AJA11),jordan lee (JLE39),Northstar Communications,2026-01-28,Ethan Collins (ECO67),2026-02-03,2026-03-05,2025-11-05,2025-11-27,1,33238.52,30439.78,30169.90,28727.01,3068.62,COMPANION DATA SERVICES
CTR-10099,0,New,Waiting on Contract Manager Approval,SUBSCRIPTION,Software subscription renewal,miles cooper (MCO36),Ethan Collins (ECO67),Delta Office Supply,2025-06-02,Noah Parker (NPA82),2025-07-01,2028-07-01,2028-06-01,2025-05-08,36,828900.95,715985.92,730107.76,722074.17,98793.19,CGS
CTR-10100,0,Renewal,Approved,SUBSCRIPTION,Database administration services,ZOE RAMIREZ (ZRA52),Jason Bourne (YTU76),Metro Facilities Group,2026-06-04,Daniel Reed (DRE44),2026-06-07,2028-06-07,2028-02-08,2026-05-19,24,1654878.23,1425442.55,1482641.70,1541943.52,172236.53,PGBA LLC
CTR-10101,0,Renewal,Draft,HOSTING AGREEMENT,Software subscription renewal,Ethan Collins (ECO67),Morgan Davis (MDA70),Keystone Medical Systems,2025-08-22,Caleb Price (CPR91),2025-09-04,2026-03-06,2025-11-06,2025-07-29,6,1220277.76,1119362.30,1106360.48,1157437.68,113917.28,BLUECHOICE
CTR-10102,0,Renewal,Manager Draft Approval Past Due,LEASE,Telecommunications services,Liam Foster (LFO73),Natalie Ross (NRO84),Harbor Business Solutions,2025-10-28,Caleb Price (CPR91),2025-10-30,2025-11-29,2025-09-30,2025-08-27,1,414508.41,381159.88,376411.66,366679.88,38096.75,CGS
CTR-10103,0,New,Draft,LEASE,Professional consulting services,Caleb Price (CPR91),aaron jackson (AJA11),IronGate Security,2024-07-08,Caleb Price (CPR91),2024-08-06,2024-11-05,2024-10-06,2024-06-21,3,188505.39,157536.50,156449.18,159954.90,32056.21,COMPANION DATA SERVICES
CTR-10104,0,New,Review in Progress,SOW,Database administration services,Nora Bennett (NBE47),Daniel Reed (DRE44),Apex Technology Solutions,,Emma Sullivan (ESU75),2025-05-12,2030-05-12,2030-03-28,2025-03-18,60,487709.54,423484.64,408490.52,396945.34,79219.02,CORPORATE INFORMATION SYSTEMS
CTR-10105,0,New,Waiting on Vendor Approval,WARRANTY,Training and implementation services,ISAAC WARD (IWA63),CHLOE EVANS (CEV31),TriCounty Business Solutions,2026-01-26,Caleb Price (CPR91),2026-02-17,2028-02-18,2027-11-20,2025-12-30,24,1468778.47,1431635.30,1499527.08,1451086.63,0.00,COMPANION LIFE
CTR-10106,0,New,Waiting on Vendor Approval,SOW,Application development statement of work,Lucas Hughes (LHU28),Liam Foster (LFO73),Xenon Cloud Services,2027-02-19,Caleb Price (CPR91),2027-02-28,2028-02-28,2027-10-31,2027-01-29,12,1382874.14,1140656.68,1166573.92,1251251.72,216300.22,PALMETTO GBA
CTR-10107,0,New,Waiting on Senior Management Approval,SUBSCRIPTION,IT staff augmentation,Ava Mitchell (AMI14),Marcus Hill (MHI58),Evergreen Software Inc.,2026-08-21,CALEB PRICE (CPR91),2026-09-08,2029-09-08,2029-05-11,2026-06-29,36,980843.14,943894.55,930635.62,992443.97,50207.52,CORPORATE INFORMATION SYSTEMS
CTR-10108,0,Renewal,Waiting for IBO Decision,SOW,Software subscription renewal,Maya Carter (MCA21),Aaron Jackson (AJA11),United Technology Partners,2025-11-03,Caleb Price (CPR91),2025-11-10,2028-11-10,2028-10-11,2025-11-02,36,469435.37,428088.31,428893.02,439815.80,40542.35,PRIVATE BUSINESS
CTR-10109,0,Renewal,Review in Progress,PURCHASE,Hardware warranty and support,Olivia Brooks (OBR19),DANIEL REED (DRE44),Apex Technology Solutions,2025-09-19,taylor grant (TGR55),2025-09-30,2027-10-01,2027-07-03,2025-08-28,24,859711.74,772768.98,787974.23,781243.54,71737.51,PALMETTO GBA
CTR-10110,0,Renewal,Waiting for IBO Decision,PURCHASE,Data analytics platform services,emma sullivan (ESU75),Emma Sullivan (ESU75),Quantum Data Services,2026-03-03,Isaac Ward (IWA63),2026-04-09,2026-10-09,2026-08-25,2026-02-06,6,57400.13,53413.07,51796.39,53194.19,5603.74,COMPANION DATA SERVICES
CTR-10111,0,Renewal,Waiting on SAM/HAM Approval,LEASE,Managed network services,Sofia Turner (STU33),Ethan Collins (ECO67),Delta Office Supply,2026-09-12,Noah Parker (NPA82),2026-09-29,2031-09-29,2031-07-31,2026-08-04,60,709616.49,596476.50,587647.75,593243.26,121968.74,PGBA LLC
CTR-10112,0,Renewal,Review in Progress,PURCHASE,Facilities maintenance services,CHLOE EVANS (CEV31),Grace Morgan (GMO26),Delta Office Supply,2024-09-26,Miles Cooper (MCO36),2024-10-09,2027-10-10,2027-07-12,2024-09-09,36,1249712.10,1169914.00,1228397.95,1255593.00,21314.15,COMPANION LIFE
CTR-10113,0,New,Approved,SOW,Enterprise software licensing and support,Ethan Collins (ECO67),Emma Sullivan (ESU75),Pioneer Health Technologies,2026-08-17,Zoe Ramirez (ZRA52),2026-10-04,2029-10-04,2029-07-06,2026-07-27,36,153393.77,126634.98,129940.87,128377.90,23452.90,COMPANION DATA SERVICES
CTR-10114,0,New,Waiting on Contract Manager Approval,WARRANTY,Disaster recovery hosting,LUCAS HUGHES (LHU28),Morgan Davis (MDA70),Quantum Data Services,2024-03-19,Grace Morgan (GMO26),2024-03-26,2028-03-26,2027-11-27,2024-02-21,48,188837.51,183061.49,187662.66,185542.48,1174.85,CGS
CTR-10115,0,Renewal,Pending Revision,LEASE,Data analytics platform services,Jordan Lee (JLE39),Jordan Lee (JLE39),Global Cloud Partners,2024-10-06,nora bennett (NBE47),2024-10-12,2025-10-12,2025-08-28,2024-09-28,12,509547.61,467244.12,459004.44,478065.51,50543.17,PRIVATE BUSINESS
CTR-10116,0,Renewal,Waiting for IBO Decision,LEASE,Medical claims processing support,Maya Carter (MCA21),AARON JACKSON (AJA11),Yorkshire Equipment Leasing,2025-08-31,Marcus Hill (MHI58),2025-10-21,2026-10-21,2026-07-23,2025-08-13,12,1041478.83,904388.02,896630.64,904484.16,144848.19,PAL
CTR-10117,0,New,Draft,SOW,Document management solution,LUCAS HUGHES (LHU28),Morgan Davis (MDA70),Pioneer Health Technologies,,Daniel Reed (DRE44),2026-07-27,2028-07-27,2028-06-27,2026-05-13,24,1742790.80,1687845.10,1686953.07,1673411.00,55837.73,MEDICAID
CTR-10118,0,Renewal,Waiting on IBO Expiration Reply,HOSTING AGREEMENT,Cloud hosting services,JASON BOURNE (YTU76),Sofia Turner (STU33),Delta Office Supply,2026-04-21,Jason Bourne (YTU76),2026-05-26,2027-05-26,2027-04-11,2026-04-11,12,1574589.95,1539613.75,1477003.81,1472361.00,97586.14,PALMETTO GBA
CTR-10119,0,New,Waiting for IBO Decision,SERVICE,Telecommunications services,JORDAN LEE (JLE39),Ethan Collins (ECO67),United Technology Partners,2026-11-26,Marcus Hill (MHI58),2026-11-29,2030-11-29,2030-10-30,2026-11-21,48,1471710.70,1468572.84,1457164.08,1409343.99,14546.62,CGS
CTR-10120,0,New,IBO Expiration Reply Past Due (2),SFWCONTRACT,Medical claims processing support,Aaron Jackson (AJA11),MARCUS HILL (MHI58),Metro Facilities Group,2024-11-07,LUCAS HUGHES (LHU28),2024-12-02,2028-12-02,2028-10-03,2024-10-29,48,1656209.95,1541755.38,1532872.38,1499519.85,123337.57,COMPANION DATA SERVICES
CTR-10121,0,Renewal,Manager Draft Approval Past Due,SUBSCRIPTION,Facilities maintenance services,Noah Parker (NPA82),Ava Mitchell (AMI14),Evergreen Software Inc.,2025-08-06,Natalie Ross (NRO84),2025-08-06,2025-09-05,2025-07-07,2025-07-04,1,1094433.73,934598.66,924481.72,955916.01,169952.01,COMPANION LIFE
CTR-10122,0,New,Draft,LEASE,Business intelligence reporting support,liam foster (LFO73),Lucas Hughes (LHU28),Apex Technology Solutions,,Emma Sullivan (ESU75),2026-08-22,2026-11-21,2026-10-22,2026-08-07,3,392258.57,386792.16,404146.75,404848.65,0.00,MEDICAID
CTR-10123,0,New,Pending Revision,PURCHASE,Cybersecurity monitoring services,Daniel Reed (DRE44),Ethan Collins (ECO67),Carolina Data Systems,2026-03-03,Marcus Hill (MHI58),2026-03-11,2026-06-10,2026-04-11,2026-01-08,3,433354.11,374420.71,390319.65,376689.01,43034.46,CORPORATE INFORMATION SYSTEMS
CTR-10124,0,Renewal,Approved,HOSTING AGREEMENT,Medical claims processing support,Sofia Turner (STU33),Grace Morgan (GMO26),Westbridge Solutions,2026-01-09,Taylor Grant (TGR55),2026-01-31,2026-08-02,2026-06-03,2026-01-09,6,606344.79,544060.10,545357.91,536732.23,60986.88,BLUECHOICE
CTR-10125,0,New,Approved,PURCHASE,Hardware warranty and support,MORGAN DAVIS (MDA70),Lucas Hughes (LHU28),Frontier Network Services,2026-11-03,Olivia Brooks (OBR19),2026-11-08,2026-12-08,2026-11-08,2026-10-31,1,87536.85,77515.26,80772.66,78613.20,6764.19,CORPORATE INFORMATION SYSTEMS
CTR-10126,0,Renewal,Waiting for IBO Decision,SERVICE,Facilities maintenance services,Taylor Grant (TGR55),Daniel Reed (DRE44),Harbor Business Solutions,2024-02-09,Olivia Brooks (OBR19),2024-04-17,2024-10-17,2024-09-02,2024-02-04,6,1717572.54,1429718.99,1424728.44,1405779.40,292844.10,PAL
CTR-10127,0,New,Draft,SFWCONTRACT,Training and implementation services,Grace Morgan (GMO26),Zoe Ramirez (ZRA52),Harbor Business Solutions,2027-01-17,Morgan  Davis (MDA70),2027-01-24,2028-01-24,2027-12-10,2027-01-17,12,423230.95,,386121.55,410847.16,37109.40,PALMETTO GBA
CTR-10128,0,Renewal,Waiting on Contract Manager Approval,LEASE,Office equipment purchase,Nora Bennett (NBE47),Maya Carter (MCA21),Quantum Data Services,2024-06-18,Marcus Hill (MHI58),2024-07-09,2024-08-08,2024-06-24,2024-04-27,1,1263020.20,1120360.24,1173527.47,1127803.69,89492.73,COMPANION LIFE
CTR-10129,0,New,Review in Progress,SUBSCRIPTION,Medical claims processing support,Noah Parker (NPA82),Caleb Price (CPR91),Harbor Business Solutions,2026-07-04,Taylor Grant (TGR55),2026-07-16,2028-01-15,2027-12-01,2026-06-30,18,1404986.88,1299960.52,1255165.25,1219228.30,149821.63,CORPORATE INFORMATION SYSTEMS
CTR-10130,0,Renewal,Draft,SFWCONTRACT,Document management solution,daniel reed (DRE44),Priya Shah (PSH62),IronGate Security,,Jordan Lee (JLE39),2024-03-23,2025-03-23,2025-01-22,2024-02-27,12,450552.73,398303.80,398839.90,414009.31,51712.83,CGS
CTR-10131,0,New,Pending Revision,SERVICE,Network infrastructure maintenance,MARCUS HILL (MHI58),Maya Carter (MCA21),Oakline Software,2026-02-23,ava mitchell (AMI14),2026-03-31,2028-03-31,2028-03-01,2026-02-19,24,44131.33,36699.83,38176.98,38468.88,5954.35,CGS
CTR-10132,0,New,Approved,WARRANTY,Cloud hosting services,Nora Bennett (NBE47),Caleb Price (CPR91),Frontier Network Services,2024-11-27,Caleb Price (CPR91),2024-12-19,2026-12-20,2026-11-05,2024-11-19,24,507338.92,496693.06,473579.42,488020.25,33759.50,PRIVATE BUSINESS
CTR-10133,0,New,Approved,SFWCONTRACT,Database administration services,Ethan Collins (ECO67),Miles Cooper (MCO36),Evergreen Software Inc.,2026-01-28,Emma Sullivan (ESU75),2026-02-22,2028-02-23,2027-11-25,2025-12-15,24,1643255.24,1496070.16,1479371.22,1439984.53,163884.02,PAL
CTR-10134,0,Renewal,Approved,WARRANTY,Business intelligence reporting support,Ava Mitchell (AMI14),Olivia Brooks (OBR19),Liberty Professional Services,2024-03-21,Ava Mitchell (AMI14),2024-04-24,2025-04-24,2024-12-25,2024-02-28,12,1683694.83,1681131.48,1626278.18,1594975.00,57416.65,PRIVATE BUSINESS
CTR-10135,0,Renewal,Waiting on Contract Manager Approval,SOW,Managed network services,Lucas Hughes (LHU28),Zoe Ramirez (ZRA52),Summit Enterprise Systems,2024-05-30,Sofia Turner (STU33),2024-07-03,2024-08-02,2024-06-18,2024-05-29,1,949975.08,779096.44,811654.58,792329.38,138320.50,COMPANION DATA SERVICES
CTR-10136,0,Renewal,IBO Expiration Reply Past Due (2),HOSTING AGREEMENT,Medical claims processing support,MORGAN DAVIS (MDA70),Miles Cooper (MCO36),Summit Enterprise Systems,2026-02-24,Daniel Reed (DRE44),2026-03-21,2026-06-20,2026-04-21,2026-02-04,3,249930.75,212028.93,221542.53,233270.89,28388.22,COMPANION DATA SERVICES
CTR-10137,0,Renewal,Waiting on Contract Manager Approval,SOW,Data analytics platform services,Sofia Turner (STU33),Taylor Grant (TGR55),Vanguard Software Group,2023-12-26,marcus hill (MHI58),2024-01-04,2027-01-04,2026-09-06,2023-12-24,36,1086287.66,1070848.12,1120913.66,1097056.56,0.00,PRIVATE BUSINESS
CTR-10138,0,Renewal,Draft,SOW,Software subscription renewal,Jordan Lee (JLE39),Taylor Grant (TGR55),United Technology Partners,,ISAAC WARD (IWA63),2025-03-05,2026-03-05,2026-02-03,2025-01-13,12,198922.11,163162.00,161300.93,168597.54,37621.18,CGS
CTR-10139,0,New,Review in Progress,LEASE,IT staff augmentation,Sofia Turner (STU33),Maya Carter (MCA21),Summit Enterprise Systems,2024-07-10,Liam Foster (LFO73),2024-08-02,2024-11-01,2024-09-02,2024-07-05,3,1318913.23,1211380.03,1259608.00,1211873.40,59305.23,COMPANION LIFE
CTR-10140,0,New,Waiting on Vendor Approval,PURCHASE,Training and implementation services,MAYA CARTER (MCA21),Ethan Collins (ECO67),Northstar Communications,2026-12-12,Nora Bennett (NBE47),2027-01-11,2028-07-12,2028-05-13,2026-11-27,18,177169.08,,158592.19,160784.45,18576.89,COMPANION DATA SERVICES
CTR-10141,0,Renewal,Waiting for IBO Decision,WARRANTY,Office equipment purchase,ethan collins (ECO67),Chloe Evans (CEV31),Delta Office Supply,2025-08-18,Zoe Ramirez (ZRA52),2025-09-23,2028-09-23,2028-06-25,2025-07-16,36,168590.70,154756.60,149879.93,159639.22,18710.77,BLUECHOICE
CTR-10142,0,New,Draft,SFWCONTRACT,Managed network services,Morgan Davis (MDA70),OLIVIA BROOKS (OBR19),Blue Ridge Consulting LLC,2026-04-26,Grace Morgan (GMO26),2026-04-27,2027-04-27,2026-12-28,2026-04-13,12,943035.18,937200.61,954732.63,1023212.72,0.00,COMPANION DATA SERVICES
CTR-10143,0,New,Waiting on Senior Management Approval,HOSTING AGREEMENT,Business intelligence reporting support,Lucas Hughes (LHU28),natalie ross (NRO84),Summit Enterprise Systems,2024-11-16,Morgan Davis (MDA70),2024-12-08,2025-12-08,2025-10-24,2024-11-15,12,764957.94,763344.18,758412.46,818816.22,6545.48,PGBA LLC
CTR-10144,0,Renewal,Waiting on Vendor Approval,LEASE,Professional consulting services,Caleb Price (CPR91),Noah Parker (NPA82),Metro Facilities Group,2026-10-16,Jason Bourne (YTU76),2026-12-06,2029-12-06,2029-11-06,2026-10-07,36,271018.54,250916.59,257399.71,275972.26,13618.83,PGBA LLC
CTR-10145,0,New,Review in Progress,SOW,Telecommunications services,Aaron Jackson (AJA11),Natalie Ross (NRO84),IronGate Security,2024-09-15,Sofia Turner (STU33),2024-10-21,2027-10-22,2027-09-22,2024-08-25,36,1244472.19,1031508.62,1028952.36,1013431.61,215519.83,PAL
CTR-10146,0,New,Waiting on Senior Management Approval,LEASE,Data analytics platform services,Taylor Grant (TGR55),Liam Foster (LFO73),Evergreen Software Inc.,2024-06-23,Nora Bennett (NBE47),2024-07-01,2025-07-01,2025-04-02,2024-05-28,12,1334995.91,1277202.33,1324099.79,1399218.96,10896.12,CORPORATE INFORMATION SYSTEMS
CTR-10147,0,New,Approved,HOSTING AGREEMENT,Software subscription renewal,Maya Carter (MCA21),ISAAC WARD (IWA63),Global Cloud Partners,2025-06-24,Grace Morgan (GMO26),2025-07-15,2027-07-16,2027-04-17,2025-05-05,24,1145560.61,964902.40,919606.33,918153.98,225954.28,COMPANION LIFE
CTR-10148,0,Renewal,Manager Draft Approval Past Due,PURCHASE,Cybersecurity monitoring services,CHLOE EVANS (CEV31),maya carter (MCA21),Xenon Cloud Services,2025-02-26,Lucas Hughes (LHU28),2025-03-14,2026-03-14,2026-01-28,2025-02-09,12,1174599.26,1071693.35,1110770.50,1194886.91,63828.76,CGS
CTR-10149,0,New,Waiting on SAM/HAM Approval,SERVICE,Cybersecurity monitoring services,Jordan Lee (JLE39),Aaron Jackson (AJA11),TriCounty Business Solutions,2026-07-01,Caleb Price (CPR91),2026-07-29,2028-01-28,2027-12-14,2026-05-24,18,1220567.10,1181967.82,1169811.58,1126880.17,50755.52,CORPORATE INFORMATION SYSTEMS
CTR-10150,0,New,Waiting for IBO Decision,SFWCONTRACT,Application development statement of work,ZOE RAMIREZ (ZRA52),Noah Parker (NPA82),Vanguard Software Group,2025-07-22,Noah Parker (NPA82),2025-09-03,2026-09-03,2026-07-20,2025-06-22,12,1619938.25,1563203.75,1610469.36,1655569.47,9468.89,CGS
CTR-10151,0,Renewal,Waiting on Vendor Approval,SFWCONTRACT,Telecommunications services,TAYLOR GRANT (TGR55),Jordan Lee (JLE39),Metro Facilities Group,2025-03-11,Ethan Collins (ECO67),2025-03-31,2030-03-31,2029-12-31,2025-02-07,60,543849.72,462597.27,469888.48,480494.92,73961.24,PAL
CTR-10152,0,Renewal,Review in Progress,PURCHASE,Facilities maintenance services,Ava Mitchell (AMI14),Taylor Grant (TGR55),United Technology Partners,2025-10-03,Nora Bennett (NBE47),2025-11-09,2027-11-10,2027-09-11,2025-09-26,24,849613.14,829180.63,836110.48,896945.15,13502.66,CGS
CTR-10153,0,Renewal,Pending Revision,SFWCONTRACT,Telecommunications services,Marcus Hill (MHI58),Liam Foster (LFO73),Blue Ridge Consulting LLC,2026-07-11,Lucas Hughes (LHU28),2026-07-26,2027-01-25,2026-11-26,2026-06-26,6,602069.86,600622.04,589415.28,564389.75,12654.58,COMPANION DATA SERVICES
CTR-10154,0,New,Approved,LEASE,Medical claims processing support,Aaron Jackson (AJA11),Nora Bennett (NBE47),TriCounty Business Solutions,2026-12-26,CALEB PRICE (CPR91),2026-12-29,2027-12-29,2027-10-30,2026-12-21,12,1363541.69,1248439.79,1188254.52,1129478.82,175287.17,PAL
CTR-10155,0,New,Approved,SFWCONTRACT,Software subscription renewal,Chloe Evans (CEV31),Isaac Ward (IWA63),Carolina Data Systems,2026-05-14,Natalie Ross (NRO84),2026-06-07,2026-12-07,2026-10-08,2026-03-30,6,1351457.47,1148305.07,1195028.94,1261426.04,156428.53,BLUECHOICE
CTR-10156,0,New,Approved,PURCHASE,Network infrastructure maintenance,Caleb Price (CPR91),Noah Parker (NPA82),Liberty Professional Services,2024-04-06,NATALIE ROSS (NRO84),2024-04-08,2024-07-08,2024-06-08,2024-03-26,3,212842.74,191553.48,184343.31,181182.92,28499.43,BLUECHOICE
CTR-10157,0,New,Pending Revision,LEASE,Business intelligence reporting support,Natalie Ross (NRO84),Nora Bennett (NBE47),IronGate Security,2024-08-28,Olivia Brooks (OBR19),2024-08-29,2026-02-28,2026-01-29,2024-08-09,18,363550.15,315321.19,316051.04,308534.56,47499.11,PRIVATE BUSINESS
CTR-10158,0,New,Draft,WARRANTY,Facilities maintenance services,Jason Bourne (YTU76),Olivia Brooks (OBR19),Harbor Business Solutions,2024-06-21,Priya Shah (PSH62),2024-07-03,2029-07-03,2029-06-03,2024-06-14,60,824868.47,821496.71,802119.66,767235.82,22748.81,BLUECHOICE
CTR-10159,0,New,Waiting for IBO Decision,SUBSCRIPTION,Network infrastructure maintenance,Jason Bourne (YTU76),Priya Shah (PSH62),Delta Office Supply,2026-06-13,Liam Foster (LFO73),2026-06-15,2027-12-15,2027-11-15,2026-04-22,18,620187.29,521261.07,516061.50,520886.69,104125.79,BLUECHOICE
CTR-10160,0,New,Waiting on Vendor Approval,PURCHASE,Network infrastructure maintenance,SOFIA TURNER (STU33),Lucas Hughes (LHU28),Evergreen Software Inc.,2025-01-06,Lucas Hughes (LHU28),2025-01-06,2028-01-07,2027-11-08,2024-12-27,36,1584510.69,1506727.30,1565755.27,1585797.49,18755.42,BLUECHOICE
CTR-10161,0,New,Waiting for IBO Decision,HOSTING AGREEMENT,Business intelligence reporting support,Taylor Grant (TGR55),Priya Shah (PSH62),Yorkshire Equipment Leasing,2024-06-20,Miles Cooper (MCO36),2024-07-14,2027-07-15,2027-05-31,2024-05-07,36,1196360.61,1119138.88,1079818.43,1141839.87,,PRIVATE BUSINESS
CTR-10162,0,Renewal,Review in Progress,WARRANTY,IT staff augmentation,Morgan Davis (MDA70),Ava Mitchell (AMI14),Frontier Network Services,2025-02-07,NOAH PARKER (NPA82),2025-04-01,2030-04-01,2030-01-01,2025-02-02,60,829074.80,799416.33,795267.25,844062.14,33807.55,CGS
CTR-10163,0,Renewal,Approved,SUBSCRIPTION,Cloud hosting services,Jason Bourne (YTU76),Natalie Ross (NRO84),Redwood Consulting,2026-10-16,Aaron Jackson (AJA11),2026-11-07,2031-11-07,2031-09-23,2026-09-03,60,657199.75,545324.33,530214.38,535028.62,126985.37,PGBA LLC
CTR-10164,0,Renewal,Waiting on Contract Manager Approval,LEASE,Network infrastructure maintenance,Jason Bourne (YTU76),Aaron Jackson (AJA11),Yorkshire Equipment Leasing,2026-01-22,Chloe Evans (CEV31),2026-02-04,2026-05-06,2026-04-06,2026-01-07,3,257106.29,244002.64,249408.74,240406.33,7697.55,COMPANION LIFE
CTR-10165,0,New,Pending Revision,SERVICE,Facilities maintenance services,Maya Carter (MCA21),Priya Shah (PSH62),Delta Office Supply,,Morgan Davis (MDA70),2026-07-25,2031-07-25,2031-06-10,2026-05-16,60,1326504.00,1219827.53,1211631.56,1243213.58,114872.44,PAL
CTR-10166,0,Renewal,Approved,PURCHASE,Network infrastructure maintenance,Natalie Ross (NRO84),Miles Cooper (MCO36),Metro Facilities Group,2025-04-21,Nora Bennett (NBE47),2025-05-23,2026-11-22,2026-08-24,2025-04-03,18,817858.04,690277.85,684254.86,712310.58,133603.18,PRIVATE BUSINESS
CTR-10167,0,Renewal,Waiting on Contract Manager Approval,SERVICE,Office equipment purchase,Jordan Lee (JLE39),Grace Morgan (GMO26),Global Cloud Partners,2024-12-27,Marcus Hill (MHI58),2024-12-30,2029-12-30,2029-09-01,2024-11-12,60,212152.43,187416.05,187048.15,191571.53,25104.28,PRIVATE BUSINESS
CTR-10168,0,Renewal,Draft,SUBSCRIPTION,Enterprise software licensing and support,Jason Bourne (YTU76),Maya Carter (MCA21),Quantum Data Services,2024-11-22,Ethan Collins (ECO67),2024-11-25,2026-05-27,2026-03-28,2024-10-31,18,1412921.53,1210478.36,1215462.15,1211364.48,197459.38,CGS
CTR-10169,0,New,Draft,SUBSCRIPTION,Data analytics platform services,Jordan Lee (JLE39),Caleb Price (CPR91),Quantum Data Services,,Priya Shah (PSH62),2027-02-04,2027-03-06,2027-02-04,2026-12-27,1,1564585.68,1525283.37,1516598.99,1485237.70,47986.69,CORPORATE INFORMATION SYSTEMS
CTR-10170,0,Renewal,Waiting on Contract Manager Approval,SERVICE,Office equipment purchase,Sofia Turner (STU33),Daniel  Reed (DRE44),Juniper Analytics Group,2024-07-19,Sofia Turner (STU33),2024-09-01,2027-09-02,2027-08-03,2024-07-02,36,1004094.52,846865.34,853977.83,839590.10,150116.69,PALMETTO GBA
CTR-10171,0,New,IBO Expiration Reply Past Due (2),HOSTING AGREEMENT,Training and implementation services,Zoe Ramirez (ZRA52),Emma Sullivan (ESU75),Vanguard Software Group,2025-03-16,Jordan Lee (JLE39),2025-03-26,2025-09-25,2025-05-28,2025-03-11,6,751596.58,688963.38,660849.92,646810.66,90746.66,CORPORATE INFORMATION SYSTEMS
CTR-10172,0,New,Waiting on IBO Expiration Reply,WARRANTY,Disaster recovery hosting,Olivia Brooks (OBR19),Isaac Ward (IWA63),Yorkshire Equipment Leasing,2025-05-09,Aaron Jackson (AJA11),2025-05-14,2025-06-13,2025-04-14,2025-03-20,1,1701252.87,1513192.41,1519281.09,1499177.61,181971.78,BLUECHOICE
CTR-10173,0,Renewal,Pending Revision,HOSTING AGREEMENT,Application development statement of work,Liam Foster (LFO73),olivia brooks (OBR19),United Technology Partners,2024-01-09,Morgan Davis (MDA70),2024-01-16,2024-04-16,2024-03-02,2023-12-13,3,1505018.81,1289807.63,1332209.88,1417768.18,172808.93,COMPANION LIFE
CTR-10174,0,New,Waiting on Contract Manager Approval,HOSTING AGREEMENT,Document management solution,MAYA CARTER (MCA21),maya carter (MCA21),Westbridge Solutions,2027-02-16,Noah Parker (NPA82),2027-03-23,2028-03-22,2028-01-22,2027-01-23,12,814770.57,,714072.43,714526.04,100698.14,MEDICAID
CTR-10175,0,New,Waiting on Contract Manager Approval,HOSTING AGREEMENT,Professional consulting services,Olivia Brooks (OBR19),Priya Shah (PSH62),Liberty Professional Services,2026-06-12,Daniel Reed (DRE44),2026-06-15,2029-06-15,2029-03-17,2026-06-05,36,285600.64,245495.41,251553.11,265031.37,34047.53,PGBA LLC
CTR-10176,0,New,Waiting on Vendor Approval,SOW,Enterprise software licensing and support,MARCUS HILL (MHI58),Jason Bourne (YTU76),Redwood Consulting,2024-05-16,Caleb Price (CPR91),2024-06-23,2025-12-23,2025-11-08,2024-05-03,18,745714.82,698188.68,699065.09,678739.12,46649.73,PGBA LLC
CTR-10177,0,New,Waiting on SAM/HAM Approval,HOSTING AGREEMENT,Disaster recovery hosting,Daniel Reed (DRE44),Daniel Reed (DRE44),Oakline Software,2026-09-22,Ethan Collins (ECO67),2026-09-24,2028-09-24,2028-07-26,2026-09-01,24,1181574.00,990168.59,1002002.67,1069152.30,179571.33,PGBA LLC
CTR-10178,0,New,Review in Progress,SOW,Facilities maintenance services,Jason Bourne (YTU76),Ava Mitchell (AMI14),Northstar Communications,2025-12-14,Aaron Jackson (AJA11),2026-01-06,2026-07-08,2026-05-09,2025-10-30,6,1395706.70,1266819.95,1217266.09,1258557.84,178440.61,COMPANION DATA SERVICES
CTR-10179,0,Renewal,Draft,LEASE,Professional consulting services,AARON JACKSON (AJA11),Lucas Hughes (LHU28),Apex Technology Solutions,2024-01-28,Morgan Davis (MDA70),2024-03-16,2029-03-16,2029-01-15,2024-01-09,60,661644.44,569143.37,584632.31,611127.55,77012.13,PGBA LLC
CTR-10180,0,New,Review in Progress,SERVICE,Training and implementation services,Morgan Davis (MDA70),isaac ward (IWA63),Vanguard Software Group,,Lucas Hughes (LHU28),2024-10-26,2028-10-26,2028-08-27,2024-10-14,48,880317.66,731821.28,722266.27,690172.44,158051.39,COMPANION DATA SERVICES
CTR-10181,0,New,Pending Revision,HOSTING AGREEMENT,Cloud hosting services,Olivia Brooks (OBR19),Miles Cooper (MCO36),United Technology Partners,,Noah Parker (NPA82),2025-06-23,2030-06-23,2030-02-23,2025-05-25,60,684440.74,633643.05,658876.40,632599.67,25564.34,MEDICAID
CTR-10182,0,New,Waiting on SAM/HAM Approval,SOW,IT staff augmentation,Jason Bourne (YTU76),Marcus Hill (MHI58),Pioneer Health Technologies,2025-07-04,AVA MITCHELL (AMI14),2025-07-29,2026-07-29,2026-06-14,2025-06-29,12,655190.18,621850.49,598116.34,586121.13,57073.84,PRIVATE BUSINESS
CTR-10183,0,New,Draft,PURCHASE,Telecommunications services,MAYA CARTER (MCA21),lucas hughes (LHU28),Apex Technology Solutions,,Aaron Jackson (AJA11),2027-03-18,2027-09-17,2027-08-18,2027-02-18,6,328167.38,325700.51,328936.59,336590.49,0.00,COMPANION LIFE
CTR-10184,0,New,Approved,WARRANTY,Training and implementation services,Sofia  Turner (STU33),Nora Bennett (NBE47),Pioneer Health Technologies,2025-01-02,Lucas Hughes (LHU28),2025-01-07,2030-01-07,2029-11-08,2024-12-10,60,1235636.14,1218366.09,1230127.39,1179630.14,5508.75,PALMETTO GBA
CTR-10185,0,New,Waiting on Vendor Approval,SUBSCRIPTION,Medical claims processing support,Sofia Turner (STU33),Natalie Ross (NRO84),TriCounty Business Solutions,2024-08-24,Emma Sullivan (ESU75),2024-08-28,2024-11-27,2024-08-29,2024-08-05,3,973018.35,798085.26,833020.23,864852.20,139998.12,CGS
CTR-10186,0,Renewal,Pending Revision,WARRANTY,Database administration services,Taylor Grant (TGR55),Jordan Lee (JLE39),Liberty Professional Services,2026-08-26,nora bennett (NBE47),2026-09-04,2027-09-04,2027-08-05,2026-07-23,12,738520.83,630714.35,643905.67,677791.16,,PRIVATE BUSINESS
CTR-10187,0,Renewal,Waiting on Contract Manager Approval,SOW,Telecommunications services,Marcus Hill (MHI58),Lucas Hughes (LHU28),Liberty Professional Services,2026-01-11,Emma Sullivan (ESU75),2026-01-18,2027-07-20,2027-04-21,2025-12-16,18,996028.38,916705.96,887253.99,907378.86,108774.39,CGS
CTR-10188,0,Renewal,Pending Revision,PURCHASE,Network infrastructure maintenance,Isaac Ward (IWA63),SOFIA TURNER (STU33),Xenon Cloud Services,,Miles Cooper (MCO36),2025-11-24,2030-11-24,2030-07-27,2025-11-11,60,1736403.60,1425504.55,1367214.04,1324683.70,369189.56,COMPANION LIFE
CTR-10189,0,New,Approved,HOSTING AGREEMENT,Database administration services,Aaron Jackson (AJA11),Jordan Lee (JLE39),Metro Facilities Group,2024-12-19,Maya Carter (MCA21),2024-12-24,2028-12-24,2028-09-25,2024-12-16,48,1531768.91,1512677.75,1515423.76,1478018.62,16345.15,PRIVATE BUSINESS
CTR-10190,0,Renewal,Waiting for IBO Decision,SOW,Data analytics platform services,SOFIA TURNER (STU33),Noah Parker (NPA82),United Technology Partners,2026-04-03,Grace Morgan (GMO26),2026-04-10,2027-04-10,2026-12-11,2026-04-02,12,1654923.47,1520753.33,1555143.45,1590421.57,99780.02,BLUECHOICE
CTR-10191,0,New,Waiting on Vendor Approval,WARRANTY,Database administration services,noah parker (NPA82),MILES COOPER (MCO36),Summit Enterprise Systems,2025-11-22,Daniel Reed (DRE44),2025-11-27,2026-02-26,2025-10-29,2025-10-19,3,1464599.49,1352529.65,1378794.68,1483013.92,85804.81,BLUECHOICE
CTR-10192,0,Renewal,Pending Revision,WARRANTY,Managed network services,Olivia Brooks (OBR19),Caleb Price (CPR91),Apex Technology Solutions,2025-02-22,Ava Mitchell (AMI14),2025-04-15,2027-04-16,2027-01-16,2025-02-22,24,1262969.30,1095503.29,1072200.79,1074196.14,190768.51,PALMETTO GBA
CTR-10193,0,New,IBO Expiration Reply Past Due (2),SERVICE,Managed network services,Taylor Grant (TGR55),Ethan Collins (ECO67),IronGate Security,2025-04-16,Ethan Collins (ECO67),2025-05-10,2026-11-09,2026-09-25,2025-04-04,18,1503718.16,1459419.00,1438407.36,1512143.00,65310.80,COMPANION DATA SERVICES
CTR-10194,0,New,Approved,HOSTING AGREEMENT,IT staff augmentation,Liam Foster (LFO73),Lucas Hughes (LHU28),Liberty Professional Services,2026-10-16,Zoe  Ramirez (ZRA52),2026-11-12,2028-05-13,2028-02-13,2026-10-08,18,102195.97,98503.49,98289.94,100285.21,3906.03,PRIVATE BUSINESS
CTR-10195,0,New,Waiting on Vendor Approval,WARRANTY,Facilities maintenance services,Jason Bourne (YTU76),Caleb Price (CPR91),Westbridge Solutions,2025-05-21,Liam Foster (LFO73),2025-06-15,2025-12-15,2025-08-17,2025-05-06,6,488587.77,484940.38,477331.49,464877.33,11256.28,BLUECHOICE
CTR-10196,0,New,Pending Revision,WARRANTY,Software subscription renewal,Lucas Hughes (LHU28),Olivia Brooks (OBR19),Summit Enterprise Systems,2026-01-24,Ava Mitchell (AMI14),2026-02-19,2027-02-19,2027-01-05,2026-01-24,12,322010.06,293005.84,307526.09,326107.03,14483.97,COMPANION DATA SERVICES
CTR-10197,0,New,Review in Progress,HOSTING AGREEMENT,Database administration services,Maya  Carter (MCA21),Noah Parker (NPA82),Delta Office Supply,2025-11-14,AARON JACKSON (AJA11),2025-11-16,2027-05-18,2027-03-19,2025-09-24,18,467598.11,385099.94,370513.80,393766.47,97084.31,COMPANION DATA SERVICES
CTR-10198,0,Renewal,Approved,SFWCONTRACT,Hardware warranty and support,Zoe Ramirez (ZRA52),Isaac Ward (IWA63),Keystone Medical Systems,2026-07-14,Caleb Price (CPR91),2026-08-07,2027-02-06,2026-12-23,2026-06-18,6,1138135.77,1050379.54,1087027.36,1042757.88,51108.41,PGBA LLC
CTR-10199,0,New,Draft,SUBSCRIPTION,Cybersecurity monitoring services,Taylor Grant (TGR55),Isaac Ward (IWA63),Oakline Software,,Sofia Turner (STU33),2024-09-13,2025-09-13,2025-07-15,2024-08-27,12,717696.82,600855.54,627100.53,634321.06,90596.29,MEDICAID
CTR-10200,0,Renewal,Approved,PURCHASE,Professional consulting services,Chloe Evans (CEV31),Taylor Grant (TGR55),United Technology Partners,2026-12-13,AARON JACKSON (AJA11),2026-12-14,2027-06-15,2027-05-16,2026-12-03,6,645530.03,635685.07,658839.34,665912.08,0.00,PAL
CTR-10201,0,New,Waiting on Vendor Approval,PURCHASE,Managed network services,Aaron Jackson (AJA11),Lucas Hughes (LHU28),TriCounty Business Solutions,2025-08-26,Aaron Jackson (AJA11),2025-09-26,2027-09-27,2027-06-29,2025-08-21,24,,707024.47,690042.24,682772.29,108097.01,PALMETTO GBA
CTR-10202,0,New,Review in Progress,HOSTING AGREEMENT,IT staff augmentation,CHLOE EVANS (CEV31),Nora Bennett (NBE47),Yorkshire Equipment Leasing,2024-01-11,Natalie Ross (NRO84),2024-01-15,2029-01-14,2028-11-15,2023-12-15,60,713579.98,606106.64,620478.51,620890.52,93101.47,PALMETTO GBA
CTR-10203,0,New,Waiting on IBO Expiration Reply,SFWCONTRACT,Application development statement of work,Noah Parker (NPA82),Daniel  Reed (DRE44),United Technology Partners,2026-06-06,CHLOE EVANS (CEV31),2026-07-21,2030-07-21,2030-05-22,2026-05-13,48,580555.48,491955.09,515063.02,490791.71,65492.46,PGBA LLC
CTR-10204,0,New,Approved,LEASE,Medical claims processing support,Ethan Collins (ECO67),Chloe Evans (CEV31),Apex Technology Solutions,2026-07-25,Zoe Ramirez (ZRA52),2026-08-07,2026-09-06,2026-07-08,2026-07-21,1,105588.83,101324.89,96981.95,98060.30,8606.88,PALMETTO GBA
CTR-10205,0,Renewal,Approved,SERVICE,Database administration services,Ava Mitchell (AMI14),Maya  Carter (MCA21),Yorkshire Equipment Leasing,2026-11-20,Taylor Grant (TGR55),2026-12-03,2027-12-03,2027-09-04,2026-10-08,12,1730378.94,1710512.02,1652117.10,1725918.53,78261.84,PALMETTO GBA
CTR-10206,0,New,Draft,SOW,Cloud hosting services,Olivia Brooks (OBR19),Nora Bennett (NBE47),Vanguard Software Group,,Sofia Turner (STU33),2027-04-12,2027-07-12,2027-04-13,2027-03-05,3,80378.10,77245.41,77054.39,79173.97,3323.71,COMPANION LIFE
CTR-10207,0,New,Review in Progress,HOSTING AGREEMENT,Cloud hosting services,Jordan Lee (JLE39),OLIVIA BROOKS (OBR19),Liberty Professional Services,,Ava Mitchell (AMI14),2027-02-17,2029-02-17,2028-11-19,2027-01-17,24,683095.24,649208.15,633023.15,604621.62,50072.09,COMPANION DATA SERVICES
CTR-10208,0,New,Review in Progress,SOW,Facilities maintenance services,Noah Parker (NPA82),Natalie Ross (NRO84),Xenon Cloud Services,2026-12-13,emma sullivan (ESU75),2026-12-23,2027-06-24,2027-03-26,2026-11-09,6,663967.31,,552055.28,551655.41,111912.03,PALMETTO GBA
CTR-10209,0,Renewal,Draft,LEASE,Disaster recovery hosting,Miles Cooper (MCO36),Morgan Davis (MDA70),Metro Facilities Group,2026-04-02,Natalie Ross (NRO84),2026-04-19,2028-04-19,2028-03-20,2026-03-31,24,83580.19,82644.42,79988.55,76314.32,3591.64,COMPANION LIFE
CTR-10210,0,Renewal,Pending Revision,WARRANTY,Business intelligence reporting support,NOAH PARKER (NPA82),Ava Mitchell (AMI14),TriCounty Business Solutions,2025-01-03,DANIEL REED (DRE44),2025-03-03,2029-03-03,2029-02-01,2024-12-27,48,652862.26,622716.96,647029.74,683822.08,5832.52,PRIVATE BUSINESS
CTR-10211,0,New,Waiting on Contract Manager Approval,SFWCONTRACT,Professional consulting services,OLIVIA BROOKS (OBR19),Ava Mitchell (AMI14),Global Cloud Partners,2025-05-11,Ethan  Collins (ECO67),2025-05-24,2025-11-23,2025-07-26,2025-03-25,6,194397.96,181752.83,179171.27,180897.35,15226.69,PGBA LLC
CTR-10212,0,New,Pending Revision,SOW,Software subscription renewal,Isaac Ward (IWA63),Liam Foster (LFO73),Redwood Consulting,2026-03-31,Liam Foster (LFO73),2026-04-24,2029-04-24,2029-02-23,2026-03-18,36,678238.22,623330.07,638575.37,636532.64,,PRIVATE BUSINESS
CTR-10213,0,New,Draft,HOSTING AGREEMENT,Business intelligence reporting support,Jason Bourne (YTU76),Ava  Mitchell (AMI14),Evergreen Software Inc.,,LIAM FOSTER (LFO73),2025-07-19,2030-07-19,2030-03-21,2025-06-23,60,831363.80,705079.04,688508.85,733710.35,142854.95,CORPORATE INFORMATION SYSTEMS
CTR-10214,0,New,Review in Progress,SERVICE,Professional consulting services,zoe ramirez (ZRA52),Jordan Lee (JLE39),Xenon Cloud Services,,Olivia Brooks (OBR19),2025-09-07,2025-10-07,2025-06-09,2025-07-14,1,105381.26,101035.58,99499.13,105093.81,5882.13,MEDICAID
CTR-10215,0,New,Waiting for IBO Decision,HOSTING AGREEMENT,Database administration services,MILES COOPER (MCO36),Emma Sullivan (ESU75),Blue Ridge Consulting LLC,2025-02-27,Liam Foster (LFO73),2025-03-28,2025-09-27,2025-08-28,2025-01-30,6,1356348.16,1252649.75,1201301.50,1208691.47,155046.66,CORPORATE INFORMATION SYSTEMS
CTR-10216,0,New,Waiting on Contract Manager Approval,SUBSCRIPTION,Cybersecurity monitoring services,Miles Cooper (MCO36),jordan lee (JLE39),Carolina Data Systems,2025-01-23,Marcus Hill (MHI58),2025-02-09,2029-02-09,2028-11-11,2025-01-08,48,439955.59,381849.02,379178.59,393972.60,60777.00,PAL
CTR-10217,0,New,Draft,SOW,Training and implementation services,Morgan Davis (MDA70),Grace Morgan (GMO26),United Technology Partners,2026-05-29,Isaac Ward (IWA63),2026-06-21,2026-07-21,2026-06-06,2026-05-20,1,1365132.14,1328952.79,1277438.82,1222623.85,87693.32,BLUECHOICE
CTR-10218,0,Renewal,Approved,LEASE,Application development statement of work,Jason Bourne (YTU76),Taylor Grant (TGR55),Oakline Software,2025-06-10,Ethan Collins (ECO67),2025-06-13,2030-06-13,2030-03-15,2025-05-19,60,1259265.64,1036765.91,1045371.58,1083275.38,213894.06,PALMETTO GBA
CTR-10219,0,Renewal,Review in Progress,HOSTING AGREEMENT,Document management solution,Daniel Reed (DRE44),Noah Parker (NPA82),United Technology Partners,,Priya Shah (PSH62),2024-08-08,2024-09-07,2024-07-09,2024-06-13,1,688358.66,685460.77,658015.18,652099.15,30343.48,BLUECHOICE
CTR-10220,0,New,Pending Revision,HOSTING AGREEMENT,Cloud hosting services,Chloe Evans (CEV31),Caleb Price (CPR91),Harbor Business Solutions,2025-12-16,Jason Bourne (YTU76),2025-12-21,2027-12-22,2027-10-23,2025-11-14,24,500201.51,415748.36,405673.92,405808.68,94527.59,PGBA LLC
CTR-10221,0,Renewal,Draft,SOW,Database administration services,Daniel Reed (DRE44),Miles Cooper (MCO36),Vanguard Software Group,2025-03-24,Natalie Ross (NRO84),2025-04-10,2028-04-10,2028-02-25,2025-03-15,36,1637975.03,1440224.36,1446306.97,1412866.10,191668.06,COMPANION DATA SERVICES
CTR-10222,0,Renewal,Draft,PURCHASE,Telecommunications services,Aaron Jackson (AJA11),Sofia Turner (STU33),Yorkshire Equipment Leasing,2024-08-29,Emma Sullivan (ESU75),2024-08-30,2025-03-01,2024-12-31,2024-08-05,6,577043.96,574228.73,600711.94,594365.57,0.00,COMPANION DATA SERVICES
CTR-10223,0,Renewal,Approved,SERVICE,Network infrastructure maintenance,Jason Bourne (YTU76),Natalie Ross (NRO84),Evergreen Software Inc.,2025-04-12,Natalie Ross (NRO84),2025-04-17,2026-04-17,2026-03-03,2025-04-07,12,147658.40,141806.51,136617.62,144814.40,11040.78,COMPANION DATA SERVICES
CTR-10224,0,New,Review in Progress,PURCHASE,Office equipment purchase,Nora Bennett (NBE47),Jason Bourne (YTU76),Harbor Business Solutions,2025-02-04,Nora Bennett (NBE47),2025-02-19,2026-02-19,2026-01-20,2025-01-21,12,1561496.56,1418135.13,1393302.96,1406512.64,168193.60,BLUECHOICE
CTR-10225,0,Renewal,Pending Revision,SOW,Database administration services,Natalie Ross (NRO84),Aaron Jackson (AJA11),TriCounty Business Solutions,2026-06-30,Maya Carter (MCA21),2026-07-13,2030-07-13,2030-06-13,2026-06-05,48,1770976.01,1464712.79,1448219.81,1519864.38,322756.20,PRIVATE BUSINESS
CTR-10226,0,Renewal,Waiting on IBO Expiration Reply,SFWCONTRACT,Document management solution,Chloe Evans (CEV31),Maya Carter (MCA21),Frontier Network Services,2026-06-28,Marcus Hill (MHI58),2026-07-14,2026-10-13,2026-06-15,2026-06-23,3,1402822.40,1387127.12,1414330.64,1368492.00,0.00,PAL
CTR-10227,0,Renewal,Waiting on Contract Manager Approval,SERVICE,Document management solution,Liam Foster (LFO73),Jordan Lee (JLE39),Carolina Data Systems,2024-05-18,Jordan Lee (JLE39),2024-07-05,2024-10-04,2024-07-06,2024-05-13,3,945252.06,840457.38,864920.29,879205.87,80331.77,CORPORATE INFORMATION SYSTEMS
CTR-10228,0,Renewal,Waiting on Vendor Approval,PURCHASE,Software subscription renewal,Morgan Davis (MDA70),Nora Bennett (NBE47),Evergreen Software Inc.,2026-06-14,Taylor Grant (TGR55),2026-07-02,2028-01-01,2027-11-17,2026-06-10,18,1728978.81,1418862.12,1456518.13,1386003.73,272460.68,COMPANION DATA SERVICES
CTR-10229,0,Renewal,Review in Progress,SERVICE,Managed network services,Isaac Ward (IWA63),Daniel Reed (DRE44),Vanguard Software Group,,Jason Bourne (YTU76),2027-01-25,2028-07-26,2028-03-28,2026-12-23,18,271119.82,254199.19,242422.68,257209.93,28697.14,PALMETTO GBA
CTR-10230,0,Renewal,Approved,SUBSCRIPTION,Software subscription renewal,Natalie Ross (NRO84),Jordan Lee (JLE39),Frontier Network Services,2026-07-12,emma sullivan (ESU75),2026-07-21,2028-07-21,2028-06-21,2026-07-03,24,584465.22,573684.97,592058.08,620830.60,0.00,CORPORATE INFORMATION SYSTEMS
CTR-10231,0,New,Waiting on Senior Management Approval,SOW,Business intelligence reporting support,Ethan Collins (ECO67),NATALIE ROSS (NRO84),Northstar Communications,2026-12-03,Lucas Hughes (LHU28),2026-12-19,2027-03-20,2026-12-20,2026-11-06,3,1097876.07,962802.12,965246.79,1041842.18,132629.28,PGBA LLC
CTR-10232,0,New,Waiting for IBO Decision,WARRANTY,Software subscription renewal,Jordan Lee (JLE39),ETHAN COLLINS (ECO67),TriCounty Business Solutions,2024-07-26,Jason Bourne (YTU76),2024-08-29,2025-08-29,2025-05-01,2024-06-30,12,86658.48,76513.98,78855.64,77089.58,7802.84,COMPANION LIFE
CTR-10233,0,New,Draft,SOW,Enterprise software licensing and support,Liam Foster (LFO73),Lucas Hughes (LHU28),Delta Office Supply,2024-11-29,Jason Bourne (YTU76),2025-02-01,2027-02-02,2026-12-04,2024-11-25,24,1163945.74,1055313.75,1068737.39,1139239.41,95208.35,MEDICAID
CTR-10234,0,New,Waiting on Contract Manager Approval,SFWCONTRACT,Managed network services,Emma Sullivan (ESU75),Ethan Collins (ECO67),Xenon Cloud Services,2025-11-14,Liam Foster (LFO73),2025-12-25,2026-03-26,2026-02-09,2025-11-13,3,613778.59,544755.10,546622.15,531084.98,67156.44,MEDICAID
CTR-10235,0,Renewal,Draft,SOW,Cloud hosting services,Daniel Reed (DRE44),Ava Mitchell (AMI14),IronGate Security,2025-09-06,Chloe  Evans (CEV31),2025-09-11,2026-03-13,2026-02-11,2025-07-19,6,367766.65,307698.86,307883.32,324470.01,59883.33,PAL
CTR-10236,0,New,Waiting on Senior Management Approval,SFWCONTRACT,Facilities maintenance services,Miles Cooper (MCO36),Marcus  Hill (MHI58),Evergreen Software Inc.,2026-10-22,Maya Carter (MCA21),2026-12-05,2027-03-06,2027-02-04,2026-10-20,3,1238258.93,1147831.07,1100434.36,1112202.26,137824.57,CGS
CTR-10237,0,New,Review in Progress,SFWCONTRACT,Office equipment purchase,Ethan Collins (ECO67),Emma Sullivan (ESU75),Keystone Medical Systems,,Isaac Ward (IWA63),2025-07-12,2026-01-11,2025-11-27,2025-05-31,6,1725145.01,1588397.32,1525238.72,1556549.94,199906.29,COMPANION LIFE
CTR-10238,0,Renewal,Review in Progress,PURCHASE,Professional consulting services,Liam Foster (LFO73),maya carter (MCA21),Juniper Analytics Group,,Zoe Ramirez (ZRA52),2024-04-13,2024-07-13,2024-04-14,2024-03-31,3,708490.59,670828.62,697076.53,719265.31,11414.06,PRIVATE BUSINESS
CTR-10239,0,New,Draft,LEASE,Document management solution,Daniel Reed (DRE44),Jordan Lee (JLE39),Summit Enterprise Systems,,Isaac Ward (IWA63),2026-08-11,2030-08-11,2030-06-27,2026-07-07,48,1612783.05,1397395.06,1378313.54,1342251.21,234469.51,COMPANION DATA SERVICES
CTR-10240,0,New,Review in Progress,LEASE,IT staff augmentation,Zoe Ramirez (ZRA52),Sofia Turner (STU33),Delta Office Supply,2024-09-09,Grace Morgan (GMO26),2024-09-17,2029-09-17,2029-08-18,2024-07-21,60,197031.42,181289.98,173511.26,171650.41,23520.16,MEDICAID
CTR-10241,0,New,Approved,WARRANTY,Database administration services,Ethan Collins (ECO67),Lucas Hughes (LHU28),Carolina Data Systems,2025-11-23,Nora Bennett (NBE47),2025-12-01,2030-12-01,2030-10-17,2025-11-02,60,1206941.33,1150318.97,1174695.24,1243740.61,32246.09,MEDICAID
CTR-10242,0,New,Pending Revision,SFWCONTRACT,Database administration services,Olivia Brooks (OBR19),Natalie Ross (NRO84),Carolina Data Systems,2024-05-05,Caleb Price (CPR91),2024-05-05,2024-08-04,2024-06-20,2024-04-11,3,1146858.41,940461.95,907237.81,879474.64,239620.60,PRIVATE BUSINESS
CTR-10243,0,New,Waiting on Contract Manager Approval,SOW,Application development statement of work,Nora Bennett (NBE47),Grace Morgan (GMO26),Summit Enterprise Systems,2026-10-01,LUCAS HUGHES (LHU28),2026-11-11,2029-11-11,2029-09-27,2026-09-28,36,667755.09,613532.93,586115.82,610402.14,81639.27,CORPORATE INFORMATION SYSTEMS
CTR-10244,0,Renewal,Draft,SUBSCRIPTION,Facilities maintenance services,Caleb Price (CPR91),Emma  Sullivan (ESU75),Westbridge Solutions,2024-12-07,Sofia Turner (STU33),2025-01-20,2030-01-20,2029-10-22,2024-11-28,60,522805.21,510829.01,491700.97,467857.58,31104.24,PAL
CTR-10245,0,Renewal,Waiting on Vendor Approval,PURCHASE,Professional consulting services,Isaac Ward (IWA63),Jordan Lee (JLE39),Evergreen Software Inc.,2026-07-04,Nora Bennett (NBE47),2026-07-19,2031-07-19,2031-04-20,2026-05-16,60,642776.48,548572.69,554309.29,568240.19,88467.19,PAL
CTR-10246,0,New,Review in Progress,SOW,Cloud hosting services,Zoe Ramirez (ZRA52),Olivia Brooks (OBR19),Blue Ridge Consulting LLC,,JORDAN LEE (JLE39),2026-12-14,2028-06-14,2028-03-16,2026-10-02,18,1602398.28,1339477.32,1335787.27,1397793.44,266611.01,PRIVATE BUSINESS
CTR-10247,0,Renewal,IBO Expiration Reply Past Due (2),HOSTING AGREEMENT,Facilities maintenance services,Zoe Ramirez (ZRA52),Zoe Ramirez (ZRA52),Redwood Consulting,2025-08-26,Liam Foster (LFO73),2025-08-26,2027-02-25,2027-01-11,2025-08-15,18,1661541.81,1586600.54,1622611.88,1660389.23,38929.93,BLUECHOICE
CTR-10248,0,New,Waiting on Vendor Approval,HOSTING AGREEMENT,Application development statement of work,Marcus Hill (MHI58),Noah Parker (NPA82),Pioneer Health Technologies,2025-06-10,Natalie Ross (NRO84),2025-06-10,2025-07-10,2025-06-10,2025-05-12,1,1067227.38,904159.74,899336.33,948817.18,167891.05,CGS
CTR-10249,0,Renewal,Waiting on Senior Management Approval,SOW,Professional consulting services,Marcus Hill (MHI58),Morgan Davis (MDA70),Evergreen Software Inc.,2026-05-03,Morgan Davis (MDA70),2026-06-20,2026-12-20,2026-11-05,2026-04-30,6,1157858.67,1106897.96,1064392.45,1034363.87,93466.22,PRIVATE BUSINESS
CTR-10250,0,Renewal,Review in Progress,SUBSCRIPTION,Database administration services,Marcus Hill (MHI58),NORA BENNETT (NBE47),Pioneer Health Technologies,2025-09-30,Isaac Ward (IWA63),2025-10-08,2030-10-08,2030-09-08,2025-09-19,60,1721349.66,1545292.53,1609892.25,1709039.46,111457.41,CORPORATE INFORMATION SYSTEMS
CTR-10251,0,Renewal,Pending Revision,SERVICE,Managed network services,Miles Cooper (MCO36),Jordan Lee (JLE39),Yorkshire Equipment Leasing,,Liam Foster (LFO73),2024-01-18,2024-04-18,2024-03-19,2023-11-20,3,191513.58,172413.85,167576.20,165368.99,23937.38,COMPANION LIFE
CTR-10252,0,Renewal,Waiting for IBO Decision,SERVICE,Training and implementation services,Jordan Lee (JLE39),Daniel Reed (DRE44),United Technology Partners,2027-02-11,Marcus Hill (MHI58),2027-03-05,2027-09-04,2027-08-05,2027-02-03,6,533750.67,501131.04,479868.76,484162.48,53881.91,CGS
CTR-10253,0,Renewal,Waiting on IBO Expiration Reply,SFWCONTRACT,Software subscription renewal,Noah Parker (NPA82),Caleb Price (CPR91),Yorkshire Equipment Leasing,2025-06-26,Maya Carter (MCA21),2025-06-26,2025-12-26,2025-09-27,2025-06-11,6,1763062.45,1509393.80,1493188.11,1543826.32,269874.34,CGS
CTR-10254,0,Renewal,Approved,WARRANTY,Cybersecurity monitoring services,DANIEL REED (DRE44),Taylor Grant (TGR55),Delta Office Supply,2026-10-15,ISAAC WARD (IWA63),2026-10-16,2027-04-17,2027-03-18,2026-10-05,6,,598117.19,587939.08,588452.32,117979.38,BLUECHOICE
CTR-10255,0,New,Pending Revision,LEASE,Disaster recovery hosting,Caleb Price (CPR91),Morgan Davis (MDA70),Harbor Business Solutions,,Lucas Hughes (LHU28),2026-01-05,2028-01-06,2027-11-07,2025-11-08,24,1794643.35,1680635.75,1658006.89,1759036.66,136636.46,BLUECHOICE
CTR-10256,0,New,Draft,HOSTING AGREEMENT,Database administration services,Chloe Evans (CEV31),Olivia Brooks (OBR19),Vanguard Software Group,,Grace Morgan (GMO26),2026-06-15,2027-06-15,2027-05-01,2026-06-04,12,1296931.57,1201905.62,1200611.47,1150412.75,96320.10,COMPANION LIFE
CTR-10257,0,Renewal,Pending Revision,HOSTING AGREEMENT,Cloud hosting services,Liam Foster (LFO73),Maya Carter (MCA21),Keystone Medical Systems,2026-11-18,Ethan Collins (ECO67),2026-12-07,2030-12-07,2030-08-09,2026-11-11,48,1665044.38,1376388.92,1327057.83,1373502.33,337986.55,BLUECHOICE
CTR-10258,0,Renewal,Approved,PURCHASE,Cloud hosting services,Isaac Ward (IWA63),LUCAS HUGHES (LHU28),Juniper Analytics Group,2025-02-15,OLIVIA BROOKS (OBR19),2025-03-27,2025-06-26,2025-05-12,2025-01-25,3,1461680.25,1456995.12,1482987.60,1471346.95,0.00,CGS
CTR-10259,0,Renewal,Waiting on SAM/HAM Approval,HOSTING AGREEMENT,Managed network services,DANIEL REED (DRE44),Marcus Hill (MHI58),Frontier Network Services,2027-02-06,Sofia Turner (STU33),2027-02-07,2027-08-09,2027-05-11,2026-12-31,6,78054.52,,67681.34,69685.89,10373.18,MEDICAID
CTR-10260,0,New,Approved,LEASE,Managed network services,Jordan Lee (JLE39),Morgan Davis (MDA70),Juniper Analytics Group,2025-05-25,Marcus  Hill (MHI58),2025-07-08,2030-07-08,2030-04-09,2025-05-10,60,1688870.85,1570475.66,1497860.20,1458017.21,191010.65,PAL
CTR-10261,0,Renewal,Manager Draft Approval Past Due,HOSTING AGREEMENT,Disaster recovery hosting,Olivia Brooks (OBR19),Olivia Brooks (OBR19),Harbor Business Solutions,2026-10-20,Morgan Davis (MDA70),2026-11-05,2027-11-05,2027-08-07,2026-10-03,12,100258.89,84245.76,81290.57,86142.94,18968.32,COMPANION LIFE
CTR-10262,0,Renewal,Approved,SOW,Application development statement of work,Noah Parker (NPA82),Morgan Davis (MDA70),Global Cloud Partners,2027-01-02,Olivia Brooks (OBR19),2027-01-05,2027-07-07,2027-05-23,2026-12-26,6,929252.17,773839.12,753355.59,759251.89,175896.58,PAL
CTR-10263,0,Renewal,Draft,LEASE,Facilities maintenance services,Ava Mitchell (AMI14),Ethan Collins (ECO67),Harbor Business Solutions,,AVA MITCHELL (AMI14),2027-04-13,2031-04-13,2031-03-14,2027-02-10,48,1670557.37,1506672.95,1489697.31,1441628.65,180860.06,CGS
CTR-10264,0,New,Approved,HOSTING AGREEMENT,Cybersecurity monitoring services,Isaac Ward (IWA63),Sofia Turner (STU33),Evergreen Software Inc.,2024-10-17,Ava Mitchell (AMI14),2024-11-17,2025-05-19,2025-01-19,2024-10-12,6,743994.58,679950.32,704578.06,689174.25,,CGS
CTR-10265,0,New,Waiting on Senior Management Approval,SERVICE,Facilities maintenance services,Ava Mitchell (AMI14),Lucas Hughes (LHU28),Northstar Communications,2026-05-02,Lucas Hughes (LHU28),2026-05-05,2026-06-04,2026-05-05,2026-02-27,1,65348.90,59833.58,59709.54,62918.47,5639.36,PRIVATE BUSINESS
CTR-10266,0,New,Approved,SUBSCRIPTION,Office equipment purchase,Chloe Evans (CEV31),DANIEL REED (DRE44),Evergreen Software Inc.,2026-06-10,Priya Shah (PSH62),2026-07-29,2026-08-28,2026-05-30,2026-05-24,1,1574187.27,1405693.93,1446439.19,1443770.02,127748.08,MEDICAID
CTR-10267,0,New,Waiting on Vendor Approval,SOW,Business intelligence reporting support,Nora Bennett (NBE47),Jordan Lee (JLE39),Blue Ridge Consulting LLC,2025-02-26,Emma Sullivan (ESU75),2025-02-28,2025-05-30,2025-01-30,2025-01-10,3,1678376.66,1531774.77,1594578.17,1590302.74,83798.49,CORPORATE INFORMATION SYSTEMS
CTR-10268,0,New,Manager Draft Approval Past Due,LEASE,Disaster recovery hosting,Marcus Hill (MHI58),Ava Mitchell (AMI14),Westbridge Solutions,2027-03-08,Aaron Jackson (AJA11),2027-04-03,2028-04-02,2028-02-17,2027-02-14,12,1616789.80,1472316.49,1460969.22,1398264.13,155820.58,COMPANION LIFE
CTR-10269,0,Renewal,Review in Progress,SFWCONTRACT,Document management solution,Priya Shah (PSH62),Daniel  Reed (DRE44),TriCounty Business Solutions,,ISAAC WARD (IWA63),2026-03-11,2026-09-10,2026-07-12,2026-02-23,6,500317.21,473037.30,472863.64,503008.28,27453.57,MEDICAID
CTR-10270,0,Renewal,Review in Progress,PURCHASE,IT staff augmentation,Isaac Ward (IWA63),Jason Bourne (YTU76),Liberty Professional Services,2025-04-02,DANIEL REED (DRE44),2025-04-20,2030-04-20,2030-02-19,2025-02-20,60,1164661.95,1023429.40,1032983.86,1074915.02,131678.09,PAL
CTR-10271,0,New,Waiting on IBO Expiration Reply,PURCHASE,Cybersecurity monitoring services,Grace Morgan (GMO26),Morgan Davis (MDA70),Harbor Business Solutions,2026-07-17,Marcus Hill (MHI58),2026-07-22,2027-01-21,2026-09-23,2026-06-25,6,965893.45,823724.07,796982.64,830499.31,168910.81,PALMETTO GBA
CTR-10272,0,New,Waiting on Vendor Approval,PURCHASE,Document management solution,Sofia  Turner (STU33),JORDAN LEE (JLE39),IronGate Security,2024-10-19,Liam Foster (LFO73),2024-10-29,2026-10-30,2026-08-01,2024-10-02,24,546299.79,538475.75,533336.66,541296.28,12963.13,MEDICAID
CTR-10273,0,New,Waiting on Contract Manager Approval,SOW,Application development statement of work,Morgan Davis (MDA70),Lucas Hughes (LHU28),Pioneer Health Technologies,2026-04-22,Lucas Hughes (LHU28),2026-06-24,2028-06-24,2028-05-25,2026-04-17,24,255264.81,234632.47,230129.46,230638.48,25135.35,CORPORATE INFORMATION SYSTEMS
CTR-10274,0,New,Waiting for IBO Decision,SERVICE,Cybersecurity monitoring services,Daniel Reed (DRE44),Isaac Ward (IWA63),Global Cloud Partners,2026-03-09,Daniel Reed (DRE44),2026-03-18,2027-03-18,2026-12-18,2026-01-30,12,1091114.69,1079998.84,1124111.06,1120669.52,0.00,BLUECHOICE
CTR-10275,0,New,Draft,SOW,Application development statement of work,Daniel  Reed (DRE44),Isaac Ward (IWA63),Oakline Software,,Nora Bennett (NBE47),2025-08-14,2026-02-13,2025-11-15,2025-06-15,6,1058988.22,884778.34,858923.68,868972.84,200064.54,PGBA LLC
CTR-10276,0,Renewal,Waiting on IBO Expiration Reply,LEASE,Enterprise software licensing and support,nora bennett (NBE47),Isaac Ward (IWA63),Northstar Communications,2025-02-03,Morgan Davis (MDA70),2025-02-12,2025-08-14,2025-05-16,2024-12-30,6,885601.18,857353.92,840377.70,862292.29,45223.48,CORPORATE INFORMATION SYSTEMS
CTR-10277,0,Renewal,Approved,SFWCONTRACT,IT staff augmentation,nora bennett (NBE47),Jordan Lee (JLE39),Delta Office Supply,2025-07-05,JASON BOURNE (YTU76),2025-07-21,2029-07-21,2029-06-21,2025-05-29,48,867472.20,779417.12,760548.33,790338.00,106923.87,CORPORATE INFORMATION SYSTEMS
CTR-10278,0,Renewal,Approved,SFWCONTRACT,Software subscription renewal,Marcus Hill (MHI58),jordan lee (JLE39),Summit Enterprise Systems,2025-12-31,SOFIA TURNER (STU33),2026-01-09,2029-01-09,2028-11-10,2025-12-27,36,528537.06,494187.63,473274.93,461535.78,55262.13,BLUECHOICE
CTR-10279,0,New,IBO Expiration Reply Past Due (2),SOW,Application development statement of work,Olivia Brooks (OBR19),Grace Morgan (GMO26),IronGate Security,2025-06-22,jason bourne (YTU76),2025-07-30,2027-07-31,2027-05-02,2025-06-01,24,1658028.74,1408238.83,1368509.06,1389638.53,289519.68,MEDICAID
CTR-10280,0,Renewal,Waiting on Vendor Approval,LEASE,Telecommunications services,Olivia Brooks (OBR19),Jason Bourne (YTU76),Oakline Software,2024-09-11,Chloe Evans (CEV31),2024-10-11,2028-10-11,2028-06-13,2024-07-30,48,314111.85,274798.61,281516.34,271780.83,32595.51,CGS
CTR-10281,0,New,Draft,LEASE,Telecommunications services,DANIEL REED (DRE44),Zoe Ramirez (ZRA52),Westbridge Solutions,2024-03-08,Maya  Carter (MCA21),2024-03-08,2029-03-08,2028-11-08,2024-02-23,60,459157.39,381984.29,388385.83,407063.90,70771.56,CGS
CTR-10282,0,Renewal,Approved,SOW,Enterprise software licensing and support,Taylor Grant (TGR55),Lucas Hughes (LHU28),Carolina Data Systems,2025-04-28,Sofia Turner (STU33),2025-05-10,2030-05-10,2030-01-10,2025-04-25,60,1476157.78,1413249.73,1417325.36,1478349.03,58832.42,COMPANION DATA SERVICES
CTR-10283,0,New,Waiting on Contract Manager Approval,SERVICE,Business intelligence reporting support,Grace Morgan (GMO26),Sofia Turner (STU33),Westbridge Solutions,2025-12-25,Olivia  Brooks (OBR19),2025-12-27,2028-12-27,2028-09-28,2025-11-23,36,413459.81,347435.32,364272.48,351912.72,49187.33,PALMETTO GBA
CTR-10284,0,Renewal,Review in Progress,HOSTING AGREEMENT,Professional consulting services,Olivia Brooks (OBR19),Isaac Ward (IWA63),Keystone Medical Systems,,Chloe Evans (CEV31),2026-06-28,2027-06-28,2027-02-28,2026-04-30,12,1540381.37,1315456.88,1258840.82,1333537.38,281540.55,PALMETTO GBA
CTR-10285,0,Renewal,Review in Progress,LEASE,Database administration services,Priya Shah (PSH62),olivia brooks (OBR19),Oakline Software,2024-06-25,Caleb Price (CPR91),2024-07-27,2025-01-26,2024-12-27,2024-06-04,6,364472.98,354240.51,350850.04,343928.84,13622.94,PGBA LLC
CTR-10286,0,Renewal,Review in Progress,SUBSCRIPTION,Hardware warranty and support,Caleb Price (CPR91),Miles Cooper (MCO36),Pioneer Health Technologies,,Morgan Davis (MDA70),2024-09-07,2026-03-09,2025-12-09,2024-06-29,18,1696613.39,1400300.26,1433599.17,1516662.80,263014.22,PRIVATE BUSINESS
CTR-10287,0,Renewal,IBO Expiration Reply Past Due (2),SFWCONTRACT,Training and implementation services,MORGAN DAVIS (MDA70),Morgan Davis (MDA70),TriCounty Business Solutions,2025-02-12,Zoe Ramirez (ZRA52),2025-02-17,2026-08-19,2026-05-21,2024-12-10,18,474689.17,418605.03,433661.09,442794.25,41028.08,CGS
CTR-10288,0,Renewal,Pending Revision,SOW,Database administration services,MAYA CARTER (MCA21),Emma Sullivan (ESU75),Oakline Software,,Morgan Davis (MDA70),2024-12-02,2028-12-02,2028-09-03,2024-11-08,48,703399.48,673520.48,678158.02,687497.60,25241.46,PALMETTO GBA
CTR-10289,0,New,Approved,HOSTING AGREEMENT,Database administration services,Lucas Hughes (LHU28),Natalie Ross (NRO84),IronGate Security,2025-10-08,Morgan Davis (MDA70),2025-10-18,2025-11-17,2025-10-18,2025-10-06,1,1507296.80,1330638.33,1362847.38,1299470.86,144449.42,PALMETTO GBA
CTR-10290,0,New,Manager Draft Approval Past Due,SOW,Cloud hosting services,Ava Mitchell (AMI14),Chloe Evans (CEV31),Vanguard Software Group,2025-08-19,JORDAN LEE (JLE39),2025-09-16,2025-12-16,2025-10-17,2025-08-19,3,971458.18,803131.65,815802.48,819817.45,155655.70,COMPANION LIFE
CTR-10291,0,New,Approved,SOW,Database administration services,Liam Foster (LFO73),ZOE RAMIREZ (ZRA52),Summit Enterprise Systems,2026-10-05,Priya  Shah (PSH62),2026-10-14,2031-10-14,2031-08-15,2026-09-16,60,542640.01,539653.86,523559.15,540631.23,19080.86,PAL
CTR-10292,0,New,Draft,SFWCONTRACT,Managed network services,Natalie Ross (NRO84),Daniel Reed (DRE44),Metro Facilities Group,2025-10-03,LUCAS HUGHES (LHU28),2025-11-20,2027-05-22,2027-04-22,2025-09-07,18,628433.09,523986.94,540950.44,549390.97,87482.65,COMPANION LIFE
CTR-10293,0,New,Draft,WARRANTY,Disaster recovery hosting,Aaron Jackson (AJA11),Sofia Turner (STU33),Frontier Network Services,2026-07-30,Ethan Collins (ECO67),2026-08-15,2028-02-14,2027-10-17,2026-06-14,18,1130031.46,1032858.39,1018839.89,987466.43,111191.57,BLUECHOICE
CTR-10294,0,New,IBO Expiration Reply Past Due (2),LEASE,Office equipment purchase,Chloe Evans (CEV31),Noah Parker (NPA82),Northstar Communications,2024-08-13,Ava Mitchell (AMI14),2024-08-20,2025-02-19,2025-01-05,2024-08-10,6,1435695.34,1257521.68,1255683.48,1354716.85,180011.86,CORPORATE INFORMATION SYSTEMS
CTR-10295,0,New,Approved,SFWCONTRACT,Disaster recovery hosting,Taylor Grant (TGR55),JASON BOURNE (YTU76),Frontier Network Services,2025-08-22,Daniel Reed (DRE44),2025-09-02,2025-12-02,2025-09-03,2025-07-11,3,1185087.93,991035.86,1034954.82,1080648.57,150133.11,BLUECHOICE
CTR-10296,0,Renewal,Review in Progress,SFWCONTRACT,IT staff augmentation,NATALIE ROSS (NRO84),Liam Foster (LFO73),Carolina Data Systems,,Lucas Hughes (LHU28),2025-04-28,2028-04-28,2028-03-14,2025-04-03,36,389325.01,338486.37,335385.01,356238.24,53940.00,COMPANION LIFE
CTR-10297,0,New,Review in Progress,WARRANTY,Data analytics platform services,Grace Morgan (GMO26),Grace Morgan (GMO26),IronGate Security,2024-02-21,Jason Bourne (YTU76),2024-03-12,2024-04-11,2024-02-26,2024-02-02,1,1151913.56,1089838.12,1133775.72,1178086.26,18137.84,COMPANION DATA SERVICES
CTR-10298,0,New,Waiting on Vendor Approval,SFWCONTRACT,Application development statement of work,Chloe  Evans (CEV31),Sofia Turner (STU33),Carolina Data Systems,2026-04-10,Aaron Jackson (AJA11),2026-04-12,2026-05-12,2026-03-13,2026-03-26,1,850608.85,760727.60,786680.85,820712.81,63928.00,COMPANION LIFE
CTR-10299,0,Renewal,Review in Progress,SOW,Telecommunications services,Taylor Grant (TGR55),JORDAN LEE (JLE39),TriCounty Business Solutions,2025-01-08,Maya Carter (MCA21),2025-01-11,2029-01-11,2028-11-27,2025-01-04,48,568130.64,474276.46,458047.78,465893.02,110082.86,PGBA LLC
CTR-10300,0,Renewal,Waiting on Contract Manager Approval,SOW,Document management solution,noah parker (NPA82),Lucas Hughes (LHU28),Pioneer Health Technologies,2026-04-27,Chloe  Evans (CEV31),2026-04-28,2028-04-28,2028-03-14,2026-03-02,24,682289.45,661986.04,666645.80,635110.46,15643.65,COMPANION DATA SERVICES
CTR-10301,0,New,Approved,WARRANTY,Office equipment purchase,Maya Carter (MCA21),Nora Bennett (NBE47),IronGate Security,2026-01-01,MARCUS HILL (MHI58),2026-01-23,2026-07-25,2026-03-27,2026-01-01,6,1294857.25,1163207.26,1212060.69,1222947.45,82796.56,COMPANION DATA SERVICES
CTR-10302,0,New,Waiting on Senior Management Approval,SFWCONTRACT,Application development statement of work,caleb price (CPR91),Ethan Collins (ECO67),Xenon Cloud Services,2025-01-13,Chloe Evans (CEV31),2025-01-22,2028-01-23,2027-12-09,2024-11-24,36,266967.42,232858.26,227311.56,234198.74,39655.86,PALMETTO GBA
CTR-10303,0,New,Approved,PURCHASE,Facilities maintenance services,Priya  Shah (PSH62),Caleb Price (CPR91),Westbridge Solutions,2024-05-15,Taylor Grant (TGR55),2024-05-29,2024-08-28,2024-04-30,2024-05-15,3,602488.26,519508.43,540716.14,583744.24,61772.12,PAL
CTR-10304,0,Renewal,Approved,SFWCONTRACT,Business intelligence reporting support,Chloe Evans (CEV31),Priya Shah (PSH62),TriCounty Business Solutions,2024-12-25,EMMA SULLIVAN (ESU75),2025-01-02,2026-07-04,2026-05-20,2024-10-23,18,1674936.86,1638124.12,1577827.97,1564023.96,97108.89,PAL
CTR-10305,0,New,Approved,SFWCONTRACT,Hardware warranty and support,Noah Parker (NPA82),Morgan Davis (MDA70),Northstar Communications,2024-11-24,Miles Cooper (MCO36),2024-12-03,2026-12-04,2026-09-05,2024-11-07,24,1536195.42,1441466.71,1484454.16,1420502.22,51741.26,CORPORATE INFORMATION SYSTEMS
CTR-10306,0,New,Waiting on Contract Manager Approval,SUBSCRIPTION,Network infrastructure maintenance,Isaac Ward (IWA63),Jordan Lee (JLE39),Pioneer Health Technologies,2024-10-18,Isaac Ward (IWA63),2024-10-30,2025-01-29,2024-11-30,2024-10-12,3,1563370.73,1332801.52,1288591.83,1309384.43,274778.90,BLUECHOICE
CTR-10307,0,Renewal,Waiting on Vendor Approval,PURCHASE,Telecommunications services,Morgan Davis (MDA70),Olivia Brooks (OBR19),Carolina Data Systems,2024-08-27,Jason Bourne (YTU76),2024-09-06,2027-09-07,2027-07-09,2024-08-17,36,281026.97,234542.69,242299.00,250958.79,38727.97,COMPANION LIFE
CTR-10308,0,New,Waiting on Vendor Approval,WARRANTY,Facilities maintenance services,Marcus  Hill (MHI58),Maya Carter (MCA21),Xenon Cloud Services,2024-03-04,Chloe Evans (CEV31),2024-04-23,2024-07-23,2024-03-25,2024-02-28,3,720951.00,614280.49,642847.56,683036.47,78103.44,PRIVATE BUSINESS
CTR-10309,0,Renewal,Draft,PURCHASE,Network infrastructure maintenance,Nora Bennett (NBE47),Chloe Evans (CEV31),Juniper Analytics Group,2024-07-07,natalie ross (NRO84),2024-07-15,2026-07-16,2026-03-18,2024-06-13,24,860209.24,792554.02,786456.95,824477.25,73752.29,PALMETTO GBA
CTR-10310,0,New,Approved,SOW,Document management solution,Aaron Jackson (AJA11),Marcus Hill (MHI58),Vanguard Software Group,2026-11-29,Miles Cooper (MCO36),2026-12-10,2027-03-11,2027-01-10,2026-10-05,3,147133.72,141877.82,139045.84,149883.66,8087.88,COMPANION LIFE
CTR-10311,0,New,Review in Progress,LEASE,Cloud hosting services,Miles Cooper (MCO36),Olivia Brooks (OBR19),Quantum Data Services,2025-05-16,Taylor Grant (TGR55),2025-06-02,2027-06-03,2027-04-04,2025-05-16,24,209514.21,196751.46,190446.60,185435.39,19067.61,CGS
CTR-10312,0,New,Review in Progress,WARRANTY,Document management solution,Liam Foster (LFO73),Sofia  Turner (STU33),TriCounty Business Solutions,,Daniel Reed (DRE44),2025-06-15,2025-09-14,2025-06-16,2025-04-01,3,713906.25,587112.81,596260.08,602116.06,117646.17,CORPORATE INFORMATION SYSTEMS
CTR-10313,0,Renewal,Draft,SOW,Database administration services,marcus hill (MHI58),ETHAN COLLINS (ECO67),Juniper Analytics Group,2024-12-13,Jason Bourne (YTU76),2025-01-20,2025-02-19,2025-01-05,2024-11-13,1,787240.31,734251.67,755545.82,736520.33,31694.49,CGS
CTR-10314,0,New,Approved,PURCHASE,Document management solution,Jason Bourne (YTU76),Lucas Hughes (LHU28),Pioneer Health Technologies,2026-03-06,Chloe Evans (CEV31),2026-03-13,2026-04-12,2026-02-11,2026-03-05,1,1136585.74,1077888.71,1129572.07,1197707.99,7013.67,PALMETTO GBA
CTR-10315,0,New,Review in Progress,WARRANTY,Business intelligence reporting support,Priya Shah (PSH62),Zoe Ramirez (ZRA52),Summit Enterprise Systems,,Maya Carter (MCA21),2026-05-14,2028-05-14,2028-01-15,2026-04-29,24,1168699.01,1145377.98,1101503.22,1135595.37,67195.79,PRIVATE BUSINESS
CTR-10316,0,New,Waiting on Contract Manager Approval,WARRANTY,Hardware warranty and support,Miles  Cooper (MCO36),Priya Shah (PSH62),Oakline Software,2026-07-18,Natalie Ross (NRO84),2026-08-17,2027-02-16,2026-12-18,2026-06-22,6,1500379.94,1412096.55,1445222.16,1522507.51,55157.78,COMPANION LIFE
CTR-10317,0,New,Waiting on Contract Manager Approval,WARRANTY,Medical claims processing support,Sofia Turner (STU33),Olivia Brooks (OBR19),Frontier Network Services,2025-02-28,Zoe Ramirez (ZRA52),2025-03-04,2030-03-04,2030-02-02,2025-02-23,60,1586226.46,1402649.14,1354763.46,1432842.99,231463.00,COMPANION LIFE
CTR-10318,0,New,Review in Progress,LEASE,Disaster recovery hosting,Noah Parker (NPA82),Grace Morgan (GMO26),Harbor Business Solutions,2025-06-25,Morgan Davis (MDA70),2025-07-01,2025-12-31,2025-09-02,2025-06-11,6,1439181.46,1429505.09,1466066.73,1578522.50,0.00,PALMETTO GBA
CTR-10319,0,New,Review in Progress,LEASE,Software subscription renewal,Ethan Collins (ECO67),Sofia Turner (STU33),United Technology Partners,2026-10-17,Jordan Lee (JLE39),2026-11-02,2030-11-02,2030-10-03,2026-10-07,48,1475393.61,,1205443.94,1297121.29,269949.67,CGS
CTR-10320,0,New,Draft,PURCHASE,Professional consulting services,Jordan Lee (JLE39),Grace Morgan (GMO26),IronGate Security,2026-12-09,ava mitchell (AMI14),2026-12-20,2029-12-20,2029-11-05,2026-11-26,36,1652846.00,1622519.16,1695831.15,1724830.18,0.00,MEDICAID
CTR-10321,0,Renewal,Waiting on Contract Manager Approval,LEASE,Professional consulting services,Caleb Price (CPR91),Sofia Turner (STU33),Keystone Medical Systems,2024-10-18,Caleb Price (CPR91),2024-11-05,2024-12-05,2024-08-07,2024-09-22,1,726595.06,684857.06,688528.61,681341.74,,MEDICAID
CTR-10322,0,New,Review in Progress,PURCHASE,Database administration services,Emma Sullivan (ESU75),Natalie Ross (NRO84),Oakline Software,,Jordan Lee (JLE39),2026-04-08,2027-04-08,2027-02-07,2026-03-22,12,605414.80,575457.52,589271.51,569460.63,16143.29,COMPANION LIFE
CTR-10323,0,New,Review in Progress,PURCHASE,Enterprise software licensing and support,Lucas Hughes (LHU28),Morgan Davis (MDA70),Apex Technology Solutions,2024-07-27,Nora Bennett (NBE47),2024-08-14,2024-09-13,2024-07-15,2024-07-05,1,227244.37,,226876.50,228767.70,367.87,PGBA LLC
CTR-10324,0,New,Waiting on Contract Manager Approval,SERVICE,Hardware warranty and support,Priya Shah (PSH62),Jordan Lee (JLE39),Juniper Analytics Group,2026-11-15,Marcus Hill (MHI58),2026-11-30,2027-11-30,2027-10-31,2026-10-13,12,1050352.44,1016858.48,1002751.35,965387.25,47601.09,CORPORATE INFORMATION SYSTEMS
CTR-10325,0,New,Waiting on Vendor Approval,WARRANTY,Office equipment purchase,Grace Morgan (GMO26),Caleb Price (CPR91),Oakline Software,2025-06-23,Miles Cooper (MCO36),2025-06-24,2029-06-24,2029-03-26,2025-04-22,48,1318431.94,1180057.26,1140270.78,1158232.51,178161.16,CGS
CTR-10326,0,New,Review in Progress,SERVICE,Document management solution,taylor grant (TGR55),Emma Sullivan (ESU75),Pioneer Health Technologies,2026-02-23,Olivia Brooks (OBR19),2026-04-16,2026-07-16,2026-06-16,2026-02-21,3,943385.61,793569.94,778089.34,777062.08,165296.27,BLUECHOICE
CTR-10327,0,Renewal,Pending Revision,SFWCONTRACT,Application development statement of work,Taylor Grant (TGR55),Olivia Brooks (OBR19),Global Cloud Partners,2026-04-10,Daniel Reed (DRE44),2026-05-05,2030-05-05,2030-01-05,2026-03-20,48,1407522.08,1274568.89,1302613.67,1340053.73,104908.41,COMPANION DATA SERVICES
CTR-10328,0,New,Pending Revision,SOW,Professional consulting services,Nora Bennett (NBE47),Caleb Price (CPR91),TriCounty Business Solutions,2026-06-16,Maya Carter (MCA21),2026-06-26,2027-12-26,2027-11-26,2026-05-29,18,1136046.04,1089339.92,1068516.98,1104708.46,67529.06,PRIVATE BUSINESS
CTR-10329,0,New,Waiting on IBO Expiration Reply,SERVICE,IT staff augmentation,Olivia Brooks (OBR19),emma sullivan (ESU75),Quantum Data Services,2025-01-03,Jason Bourne (YTU76),2025-02-25,2026-02-25,2025-10-28,2024-12-24,12,1453423.24,1350570.10,1337307.21,1278262.25,116116.03,BLUECHOICE
CTR-10330,0,New,Waiting on Senior Management Approval,SOW,Database administration services,Olivia Brooks (OBR19),emma sullivan (ESU75),IronGate Security,2024-06-16,Marcus  Hill (MHI58),2024-07-02,2025-01-01,2024-11-02,2024-05-04,6,308697.93,287276.02,282257.04,269141.19,26440.89,CGS
CTR-10331,0,New,IBO Expiration Reply Past Due (2),SUBSCRIPTION,Network infrastructure maintenance,Ava Mitchell (AMI14),Lucas Hughes (LHU28),Blue Ridge Consulting LLC,2026-02-18,Miles Cooper (MCO36),2026-02-27,2026-05-29,2026-03-30,2026-02-13,3,839358.24,749776.69,748589.91,750816.36,90768.33,COMPANION LIFE
CTR-10332,0,Renewal,Waiting for IBO Decision,SERVICE,Disaster recovery hosting,Chloe Evans (CEV31),ISAAC WARD (IWA63),United Technology Partners,2024-10-15,Aaron Jackson (AJA11),2024-10-18,2026-10-19,2026-06-21,2024-09-20,24,445064.87,441268.59,461626.61,471860.78,0.00,COMPANION DATA SERVICES
CTR-10333,0,Renewal,Waiting for IBO Decision,PURCHASE,Enterprise software licensing and support,Noah Parker (NPA82),Priya Shah (PSH62),Blue Ridge Consulting LLC,2025-03-01,Grace Morgan (GMO26),2025-03-11,2030-03-11,2030-01-10,2025-02-27,60,1331833.39,1227090.93,1202627.44,1204298.66,129205.95,PALMETTO GBA
CTR-10334,0,New,Pending Revision,SOW,Facilities maintenance services,Morgan Davis (MDA70),Noah Parker (NPA82),United Technology Partners,2026-07-06,Liam Foster (LFO73),2026-07-30,2028-07-30,2028-06-30,2026-07-06,24,1097772.22,901018.80,856830.91,833319.20,240941.31,CORPORATE INFORMATION SYSTEMS
CTR-10335,0,New,Approved,LEASE,Disaster recovery hosting,PRIYA SHAH (PSH62),Caleb Price (CPR91),Apex Technology Solutions,2023-12-07,Grace Morgan (GMO26),2024-01-18,2024-04-18,2024-01-19,2023-11-25,3,803016.89,690493.13,657334.38,648491.58,145682.51,PALMETTO GBA
CTR-10336,0,Renewal,Draft,SERVICE,Data analytics platform services,Maya Carter (MCA21),Jordan Lee (JLE39),Pioneer Health Technologies,2026-03-21,ETHAN COLLINS (ECO67),2026-03-22,2026-06-21,2026-04-22,2026-01-10,3,352817.61,336230.48,342019.55,351728.26,10798.06,MEDICAID
CTR-10337,0,New,Waiting on Vendor Approval,SERVICE,Business intelligence reporting support,Ethan Collins (ECO67),Jason Bourne (YTU76),Xenon Cloud Services,2025-05-31,Jordan Lee (JLE39),2025-06-01,2030-06-01,2030-03-03,2025-05-25,60,1155534.48,1143694.13,1092440.94,1171138.98,63093.54,CORPORATE INFORMATION SYSTEMS
CTR-10338,0,Renewal,Review in Progress,SOW,Business intelligence reporting support,Taylor Grant (TGR55),Noah Parker (NPA82),Yorkshire Equipment Leasing,,Emma Sullivan (ESU75),2024-01-11,2027-01-11,2026-11-27,2023-11-23,36,1031416.21,850471.72,870665.68,937839.65,160750.53,BLUECHOICE
CTR-10339,0,New,IBO Expiration Reply Past Due (2),LEASE,Enterprise software licensing and support,Jason Bourne (YTU76),Aaron Jackson (AJA11),Pioneer Health Technologies,2026-08-27,Noah Parker (NPA82),2026-08-27,2027-08-27,2027-06-28,2026-08-14,12,603791.28,581414.78,607203.29,638078.02,0.00,PAL
CTR-10340,0,New,Approved,HOSTING AGREEMENT,Cloud hosting services,JORDAN LEE (JLE39),MARCUS HILL (MHI58),Metro Facilities Group,2026-05-28,ISAAC WARD (IWA63),2026-06-03,2026-09-02,2026-08-03,2026-05-20,3,98704.64,96038.36,95094.14,97970.67,3610.50,MEDICAID
CTR-10341,0,Renewal,Pending Revision,WARRANTY,Telecommunications services,Olivia Brooks (OBR19),Priya Shah (PSH62),TriCounty Business Solutions,2025-01-22,Isaac Ward (IWA63),2025-01-29,2025-04-30,2025-03-31,2025-01-21,3,1069231.26,1038587.42,1080584.78,1044252.94,0.00,PRIVATE BUSINESS
CTR-10342,0,Renewal,Approved,PURCHASE,Cloud hosting services,Chloe Evans (CEV31),Miles Cooper (MCO36),Blue Ridge Consulting LLC,2027-03-31,Morgan Davis (MDA70),2027-04-10,2032-04-09,2032-02-24,2027-03-16,60,559070.57,492944.85,486478.89,462666.06,72591.68,COMPANION DATA SERVICES
CTR-10343,0,New,Waiting on SAM/HAM Approval,HOSTING AGREEMENT,Telecommunications services,Ethan Collins (ECO67),Ethan Collins (ECO67),Liberty Professional Services,2026-08-20,Liam  Foster (LFO73),2026-09-01,2030-09-01,2030-05-04,2026-07-14,48,1021143.95,899034.42,881020.61,874607.20,140123.34,COMPANION LIFE
CTR-10344,0,New,Waiting on Vendor Approval,SERVICE,Data analytics platform services,Ethan Collins (ECO67),Taylor Grant (TGR55),Oakline Software,2026-02-04,Liam Foster (LFO73),2026-02-08,2027-02-08,2026-11-10,2026-01-09,12,1781831.09,1577467.69,1510225.16,1440607.23,271605.93,PRIVATE BUSINESS
CTR-10345,0,Renewal,Waiting on IBO Expiration Reply,HOSTING AGREEMENT,Enterprise software licensing and support,chloe evans (CEV31),Noah Parker (NPA82),Global Cloud Partners,2025-05-11,Liam Foster (LFO73),2025-05-18,2025-11-17,2025-10-03,2025-05-09,6,1517972.15,1493558.32,1422015.94,1476150.39,95956.21,COMPANION LIFE
CTR-10346,0,Renewal,Draft,SERVICE,Hardware warranty and support,Miles Cooper (MCO36),Natalie Ross (NRO84),Liberty Professional Services,2024-10-14,JORDAN LEE (JLE39),2024-10-22,2025-04-23,2025-03-09,2024-09-21,6,575723.14,516606.29,523639.52,560153.83,52083.62,COMPANION DATA SERVICES
CTR-10347,0,New,Approved,SERVICE,Cloud hosting services,Marcus Hill (MHI58),Lucas Hughes (LHU28),United Technology Partners,2026-07-29,Ethan Collins (ECO67),2026-08-21,2026-11-20,2026-10-06,2026-06-10,3,1353597.93,1267120.46,1268280.95,1287072.32,85316.98,CORPORATE INFORMATION SYSTEMS
CTR-10348,0,Renewal,Waiting on Contract Manager Approval,WARRANTY,IT staff augmentation,Caleb Price (CPR91),Lucas Hughes (LHU28),IronGate Security,2025-01-06,Ethan  Collins (ECO67),2025-02-19,2029-02-19,2029-01-05,2024-12-24,48,554268.27,543164.95,547041.54,586217.84,7226.73,PRIVATE BUSINESS
CTR-10349,0,New,Pending Revision,SOW,Data analytics platform services,Isaac Ward (IWA63),Liam Foster (LFO73),Summit Enterprise Systems,,Isaac Ward (IWA63),2026-01-22,2030-01-22,2029-11-23,2025-12-12,48,327320.49,282177.19,286278.77,285328.92,41041.72,BLUECHOICE
CTR-10350,0,Renewal,Waiting on IBO Expiration Reply,SERVICE,Network infrastructure maintenance,GRACE MORGAN (GMO26),Ethan Collins (ECO67),Delta Office Supply,2025-09-11,Priya Shah (PSH62),2025-09-11,2027-03-13,2027-01-27,2025-08-18,18,1290552.72,1184421.04,1156129.42,1214062.94,134423.30,CGS
CTR-10351,0,Renewal,Waiting on SAM/HAM Approval,HOSTING AGREEMENT,IT staff augmentation,Morgan Davis (MDA70),Caleb Price (CPR91),United Technology Partners,2026-08-22,Taylor Grant (TGR55),2026-08-29,2027-08-29,2027-05-01,2026-06-24,12,616483.93,515046.22,532856.60,535916.84,83627.33,PGBA LLC
CTR-10352,0,Renewal,Approved,PURCHASE,Managed network services,TAYLOR GRANT (TGR55),Priya Shah (PSH62),Evergreen Software Inc.,2026-04-26,Liam Foster (LFO73),2026-05-21,2029-05-21,2029-01-21,2026-04-06,36,1058584.38,976188.34,930523.13,900827.83,128061.25,CORPORATE INFORMATION SYSTEMS
CTR-10353,0,Renewal,Waiting on Vendor Approval,SUBSCRIPTION,Database administration services,Daniel Reed (DRE44),Ethan Collins (ECO67),Global Cloud Partners,2026-06-18,Liam Foster (LFO73),2026-07-13,2028-01-12,2027-12-13,2026-06-15,18,1216419.54,1036358.43,1070192.92,1100626.33,146226.62,PAL
CTR-10354,0,New,Draft,SFWCONTRACT,Business intelligence reporting support,Maya Carter (MCA21),jason bourne (YTU76),Carolina Data Systems,2024-06-19,Nora Bennett (NBE47),2024-08-14,2025-02-13,2024-10-16,2024-06-15,6,703242.25,691038.01,670754.64,713118.42,32487.61,PALMETTO GBA
CTR-10355,0,New,Review in Progress,SFWCONTRACT,Managed network services,Jordan Lee (JLE39),Noah  Parker (NPA82),Global Cloud Partners,2026-03-10,Marcus Hill (MHI58),2026-03-28,2027-03-28,2026-11-28,2026-02-07,12,831067.19,767660.00,785875.86,775996.25,45191.33,PGBA LLC
CTR-10356,0,Renewal,Draft,PURCHASE,Telecommunications services,Natalie Ross (NRO84),Isaac Ward (IWA63),Harbor Business Solutions,,Priya  Shah (PSH62),2027-03-10,2027-06-09,2027-03-11,2027-02-26,3,1567618.57,1362699.05,1380152.94,1363516.09,187465.63,COMPANION DATA SERVICES
CTR-10357,0,New,Review in Progress,LEASE,Hardware warranty and support,Miles Cooper (MCO36),Liam Foster (LFO73),Carolina Data Systems,,Sofia Turner (STU33),2026-11-02,2026-12-02,2026-09-03,2026-10-23,1,1251601.86,1195220.33,1181015.80,1236493.39,,CGS
CTR-10358,0,New,Waiting on Vendor Approval,SOW,Document management solution,DANIEL REED (DRE44),Priya Shah (PSH62),Pioneer Health Technologies,2025-07-25,isaac ward (IWA63),2025-07-25,2026-01-24,2025-12-10,2025-07-16,6,185424.64,161865.70,162426.63,162558.27,22998.01,PALMETTO GBA
CTR-10359,0,New,Manager Draft Approval Past Due,SERVICE,Cloud hosting services,Ethan Collins (ECO67),Maya Carter (MCA21),Vanguard Software Group,2024-06-02,Miles Cooper (MCO36),2024-07-29,2027-07-30,2027-05-31,2024-05-27,36,1078778.60,894048.17,883086.74,862092.19,195691.86,PGBA LLC
CTR-10360,0,New,Approved,HOSTING AGREEMENT,Facilities maintenance services,Ava Mitchell (AMI14),Olivia Brooks (OBR19),Global Cloud Partners,2024-10-10,priya shah (PSH62),2024-12-08,2025-01-07,2024-10-09,2024-09-27,1,1469045.68,1289943.04,1306297.77,1347064.10,162747.91,CGS
CTR-10361,0,New,Approved,SOW,Software subscription renewal,Aaron Jackson (AJA11),Caleb  Price (CPR91),Apex Technology Solutions,2025-07-15,AVA MITCHELL (AMI14),2025-07-24,2027-07-25,2027-06-25,2025-07-09,24,742918.82,711833.70,711803.52,767866.35,31115.30,PAL
CTR-10362,0,New,Draft,LEASE,Training and implementation services,Priya Shah (PSH62),Morgan Davis (MDA70),Keystone Medical Systems,,liam foster (LFO73),2025-10-13,2029-10-13,2029-09-13,2025-08-25,48,1642225.34,1479323.29,1480954.41,1549723.73,,PAL
CTR-10363,0,New,Waiting on IBO Expiration Reply,LEASE,Application development statement of work,Morgan Davis (MDA70),DANIEL REED (DRE44),Harbor Business Solutions,2025-01-17,Grace Morgan (GMO26),2025-02-17,2025-08-19,2025-05-21,2025-01-15,6,432324.82,410948.74,431025.70,434337.88,1299.12,PAL
CTR-10364,0,Renewal,Approved,SUBSCRIPTION,Application development statement of work,Ava Mitchell (AMI14),Liam Foster (LFO73),Yorkshire Equipment Leasing,2025-05-01,Ethan Collins (ECO67),2025-05-23,2026-05-23,2026-01-23,2025-03-29,12,582338.40,523886.16,498008.42,529424.12,84329.98,BLUECHOICE
CTR-10365,0,New,Draft,LEASE,Software subscription renewal,Ethan Collins (ECO67),Daniel Reed (DRE44),Summit Enterprise Systems,2025-01-19,Isaac Ward (IWA63),2025-02-08,2026-02-08,2025-11-10,2025-01-10,12,517208.44,465843.86,472160.88,465239.90,45047.56,PGBA LLC
CTR-10366,0,New,Approved,WARRANTY,Telecommunications services,Taylor Grant (TGR55),Marcus Hill (MHI58),Quantum Data Services,2026-02-13,ZOE RAMIREZ (ZRA52),2026-02-20,2029-02-20,2029-01-21,2026-01-06,36,969269.84,891256.59,862353.08,861886.14,106916.76,PRIVATE BUSINESS
CTR-10367,0,New,IBO Expiration Reply Past Due (2),WARRANTY,Office equipment purchase,JASON BOURNE (YTU76),Miles Cooper (MCO36),Evergreen Software Inc.,2026-04-06,Grace Morgan (GMO26),2026-05-01,2029-05-01,2029-03-02,2026-03-06,36,557520.43,556268.22,532417.35,567051.07,25103.08,COMPANION LIFE
CTR-10368,0,New,Waiting on IBO Expiration Reply,SFWCONTRACT,Hardware warranty and support,Aaron Jackson (AJA11),JORDAN LEE (JLE39),Quantum Data Services,2025-05-14,Caleb Price (CPR91),2025-05-20,2026-05-20,2026-02-19,2025-05-09,12,1137560.12,1071304.76,1092459.97,1129487.11,45100.15,PALMETTO GBA
CTR-10369,0,New,Review in Progress,PURCHASE,Enterprise software licensing and support,Aaron Jackson (AJA11),Caleb Price (CPR91),Delta Office Supply,,Lucas Hughes (LHU28),2024-06-13,2029-06-13,2029-04-29,2024-04-13,60,771234.29,728454.41,728501.53,742573.39,42732.76,CGS
CTR-10370,0,Renewal,Waiting on Vendor Approval,LEASE,Network infrastructure maintenance,Morgan Davis (MDA70),Marcus Hill (MHI58),United Technology Partners,2026-03-24,Ethan Collins (ECO67),2026-03-26,2027-09-25,2027-08-26,2026-02-26,18,887643.25,743345.05,763693.65,766992.16,123949.60,PRIVATE BUSINESS
CTR-10371,0,New,Approved,PURCHASE,Office equipment purchase,Miles Cooper (MCO36),Isaac Ward (IWA63),Pioneer Health Technologies,2024-04-16,Ethan  Collins (ECO67),2024-04-30,2024-10-30,2024-09-15,2024-03-21,6,796111.16,783639.96,753014.95,777665.93,43096.21,COMPANION DATA SERVICES
CTR-10372,0,New,Approved,SERVICE,IT staff augmentation,JASON BOURNE (YTU76),Morgan Davis (MDA70),Pioneer Health Technologies,2024-01-13,Priya Shah (PSH62),2024-03-26,2024-06-25,2024-05-11,2024-01-13,3,679320.12,620635.93,649312.90,639286.63,30007.22,CGS
CTR-10373,0,New,Waiting on Contract Manager Approval,SOW,Facilities maintenance services,Priya Shah (PSH62),NATALIE ROSS (NRO84),Harbor Business Solutions,2024-07-12,Grace Morgan (GMO26),2024-07-24,2024-08-23,2024-05-25,2024-05-27,1,1504580.98,1484279.19,1413876.92,1365771.58,90704.06,MEDICAID
CTR-10374,0,New,Pending Revision,WARRANTY,Business intelligence reporting support,Jason Bourne (YTU76),LIAM FOSTER (LFO73),Northstar Communications,2025-08-30,Grace Morgan (GMO26),2025-10-28,2029-10-28,2029-09-13,2025-08-20,48,630259.45,623348.82,650868.27,658610.90,0.00,COMPANION LIFE
CTR-10375,0,New,Review in Progress,PURCHASE,Business intelligence reporting support,MAYA CARTER (MCA21),Daniel Reed (DRE44),Summit Enterprise Systems,2026-08-10,Priya Shah (PSH62),2026-08-14,2027-02-13,2026-11-15,2026-07-24,6,437418.40,375346.69,384852.44,398617.40,52565.96,PGBA LLC
CTR-10376,0,New,Waiting on Vendor Approval,SUBSCRIPTION,Cybersecurity monitoring services,Priya Shah (PSH62),PRIYA SHAH (PSH62),Harbor Business Solutions,2026-09-03,Marcus Hill (MHI58),2026-10-04,2027-01-03,2026-11-04,2026-08-30,3,1160955.84,1030768.41,1053181.72,1101291.40,107774.12,CORPORATE INFORMATION SYSTEMS
CTR-10377,0,Renewal,Waiting on SAM/HAM Approval,SERVICE,Cybersecurity monitoring services,DANIEL REED (DRE44),Liam Foster (LFO73),Delta Office Supply,2024-08-02,Ethan Collins (ECO67),2024-08-25,2026-08-26,2026-07-12,2024-07-09,24,1040565.73,853578.28,816181.73,832202.07,224384.00,CORPORATE INFORMATION SYSTEMS
CTR-10378,0,New,Waiting for IBO Decision,PURCHASE,Business intelligence reporting support,Lucas Hughes (LHU28),CALEB PRICE (CPR91),Vanguard Software Group,2025-07-14,Isaac Ward (IWA63),2025-08-30,2026-08-30,2026-06-01,2025-06-26,12,1084630.42,917875.79,933052.93,983594.47,151577.49,PRIVATE BUSINESS
CTR-10379,0,Renewal,Approved,WARRANTY,Office equipment purchase,Jordan Lee (JLE39),Maya Carter (MCA21),Pioneer Health Technologies,2025-03-05,liam foster (LFO73),2025-03-07,2026-03-07,2026-02-05,2025-02-06,12,880070.85,783725.46,821688.30,851024.66,58382.55,CORPORATE INFORMATION SYSTEMS
CTR-10380,0,New,Waiting for IBO Decision,SOW,Database administration services,Miles Cooper (MCO36),Chloe Evans (CEV31),Metro Facilities Group,2027-01-14,Ethan Collins (ECO67),2027-01-27,2030-01-27,2029-12-28,2027-01-04,36,1355318.33,1252949.87,1291173.84,1369257.92,64144.49,CGS
CTR-10381,0,New,Waiting on Contract Manager Approval,SFWCONTRACT,Medical claims processing support,Taylor  Grant (TGR55),AARON JACKSON (AJA11),Global Cloud Partners,2024-07-09,Taylor Grant (TGR55),2024-07-27,2025-01-26,2024-10-28,2024-05-27,6,1515779.86,1495585.67,1435171.15,1545163.58,80608.71,COMPANION LIFE
CTR-10382,0,Renewal,Review in Progress,PURCHASE,Database administration services,Olivia Brooks (OBR19),Zoe Ramirez (ZRA52),Harbor Business Solutions,,Natalie Ross (NRO84),2026-02-07,2026-05-09,2026-02-08,2025-12-14,3,1177485.88,1043391.61,1003742.77,964338.65,173743.11,BLUECHOICE
CTR-10383,0,New,Review in Progress,WARRANTY,Cybersecurity monitoring services,Lucas  Hughes (LHU28),Zoe Ramirez (ZRA52),Westbridge Solutions,,Jordan Lee (JLE39),2027-03-16,2027-09-15,2027-08-16,2027-01-27,6,1636440.54,1576122.11,1526456.90,1611439.08,109983.64,CGS
CTR-10384,0,Renewal,Review in Progress,LEASE,Office equipment purchase,Sofia Turner (STU33),jordan lee (JLE39),Vanguard Software Group,2025-10-02,Emma Sullivan (ESU75),2025-10-05,2026-01-04,2025-12-05,2025-09-12,3,294372.42,271190.39,280721.38,267962.79,13651.04,CGS
CTR-10385,0,New,Pending Revision,HOSTING AGREEMENT,Data analytics platform services,Miles Cooper (MCO36),Chloe Evans (CEV31),Juniper Analytics Group,2026-09-11,isaac ward (IWA63),2026-10-01,2028-10-01,2028-06-03,2026-08-10,24,381661.91,319764.61,329989.51,323661.32,51672.40,BLUECHOICE
CTR-10386,0,Renewal,Review in Progress,SERVICE,Managed network services,Marcus Hill (MHI58),NORA BENNETT (NBE47),Liberty Professional Services,2024-11-26,Noah Parker (NPA82),2024-11-30,2027-12-01,2027-09-02,2024-11-13,36,1692657.79,1431622.73,1389212.75,1433450.66,303445.04,CORPORATE INFORMATION SYSTEMS
CTR-10387,0,Renewal,Review in Progress,PURCHASE,Telecommunications services,Nora Bennett (NBE47),Natalie Ross (NRO84),Evergreen Software Inc.,,NOAH PARKER (NPA82),2024-08-13,2029-08-13,2029-05-15,2024-07-29,60,164708.61,162017.96,166523.21,161364.80,0.00,MEDICAID
CTR-10388,0,Renewal,Draft,LEASE,Network infrastructure maintenance,Taylor Grant (TGR55),Lucas Hughes (LHU28),Frontier Network Services,2025-11-07,ZOE RAMIREZ (ZRA52),2025-12-15,2027-06-16,2027-02-16,2025-11-04,18,311491.61,308492.52,305085.63,303521.30,6405.98,PGBA LLC
CTR-10389,0,Renewal,Waiting on Senior Management Approval,WARRANTY,Managed network services,Jason Bourne (YTU76),jordan lee (JLE39),Evergreen Software Inc.,2027-02-27,marcus hill (MHI58),2027-03-08,2028-09-06,2028-08-07,2027-01-13,18,1400663.05,1319534.88,1308746.86,1321196.00,91916.19,CORPORATE INFORMATION SYSTEMS
CTR-10390,0,New,Waiting on Vendor Approval,SERVICE,Application development statement of work,Chloe Evans (CEV31),Liam Foster (LFO73),United Technology Partners,2025-04-23,AARON JACKSON (AJA11),2025-05-06,2025-08-05,2025-06-21,2025-04-22,3,1339419.98,1231929.87,1231049.11,1309424.94,108370.87,CGS
CTR-10391,0,Renewal,Review in Progress,LEASE,Database administration services,Ethan Collins (ECO67),TAYLOR GRANT (TGR55),Apex Technology Solutions,2025-11-27,Nora Bennett (NBE47),2025-12-07,2026-12-07,2026-08-09,2025-11-25,12,1215767.29,1189929.20,1192727.49,1167989.03,23039.80,PRIVATE BUSINESS
CTR-10392,0,Renewal,Pending Revision,SUBSCRIPTION,Software subscription renewal,Liam Foster (LFO73),Ava Mitchell (AMI14),Liberty Professional Services,,Morgan Davis (MDA70),2025-08-17,2027-02-16,2026-11-18,2025-07-04,18,9010.58,8412.38,8322.89,8905.47,687.69,CGS
CTR-10393,0,Renewal,Waiting on Vendor Approval,WARRANTY,Cloud hosting services,Natalie Ross (NRO84),Chloe Evans (CEV31),Liberty Professional Services,2025-01-09,Jason Bourne (YTU76),2025-01-16,2028-01-17,2027-11-18,2025-01-08,36,778292.85,665874.67,667812.14,712426.19,,BLUECHOICE
CTR-10394,0,Renewal,Draft,WARRANTY,Database administration services,Grace Morgan (GMO26),Sofia Turner (STU33),Liberty Professional Services,,NOAH PARKER (NPA82),2026-06-17,2030-06-17,2030-05-03,2026-05-24,48,783958.48,693538.76,719235.35,701830.14,64723.13,CORPORATE INFORMATION SYSTEMS
CTR-10395,0,Renewal,Waiting on Vendor Approval,PURCHASE,Office equipment purchase,Olivia Brooks (OBR19),Emma Sullivan (ESU75),Pioneer Health Technologies,2025-09-09,Priya Shah (PSH62),2025-10-27,2028-10-27,2028-06-29,2025-09-01,36,201970.35,169537.61,161419.34,156612.35,40551.01,CORPORATE INFORMATION SYSTEMS
CTR-10396,0,Renewal,Manager Draft Approval Past Due,HOSTING AGREEMENT,Telecommunications services,Chloe Evans (CEV31),Morgan Davis (MDA70),Pioneer Health Technologies,2026-10-09,natalie ross (NRO84),2026-11-13,2027-05-15,2027-03-31,2026-10-02,6,1556179.42,1554570.75,1515295.20,1601180.96,40884.22,CORPORATE INFORMATION SYSTEMS
CTR-10397,0,Renewal,Review in Progress,PURCHASE,Office equipment purchase,AVA MITCHELL (AMI14),CALEB PRICE (CPR91),Summit Enterprise Systems,,Ethan Collins (ECO67),2026-05-23,2026-06-22,2026-02-22,2026-04-21,1,96464.88,86173.38,84505.46,87237.55,11959.42,COMPANION DATA SERVICES
CTR-10398,0,New,Waiting for IBO Decision,SFWCONTRACT,Network infrastructure maintenance,Noah Parker (NPA82),Jordan Lee (JLE39),IronGate Security,2025-01-04,Liam Foster (LFO73),2025-01-07,2025-02-06,2025-01-07,2024-12-25,1,1341834.69,1151503.44,1148285.93,1226487.25,193548.76,MEDICAID
CTR-10399,0,New,Draft,LEASE,Enterprise software licensing and support,Morgan Davis (MDA70),Liam Foster (LFO73),Vanguard Software Group,,Grace Morgan (GMO26),2026-12-19,2028-12-19,2028-11-04,2026-11-07,24,694368.60,680269.37,655132.42,685619.90,39236.18,PGBA LLC
CTR-10400,0,Renewal,Draft,WARRANTY,Network infrastructure maintenance,Natalie Ross (NRO84),Taylor Grant (TGR55),Carolina Data Systems,2024-10-26,Morgan  Davis (MDA70),2024-11-10,2024-12-10,2024-10-26,2024-10-10,1,1605398.04,1535858.50,1589012.73,1625313.70,16385.31,PGBA LLC
CTR-10401,0,New,Pending Revision,WARRANTY,Telecommunications services,jason bourne (YTU76),Noah Parker (NPA82),Quantum Data Services,2027-02-10,Marcus Hill (MHI58),2027-03-05,2027-04-04,2027-02-18,2027-01-07,1,1567109.02,1559080.59,1506932.18,1578654.03,60176.84,PGBA LLC
CTR-10402,0,New,Approved,PURCHASE,Managed network services,JORDAN LEE (JLE39),Miles Cooper (MCO36),Global Cloud Partners,2025-05-18,Jordan Lee (JLE39),2025-06-14,2026-12-14,2026-10-30,2025-05-01,18,996110.90,847490.79,808981.86,793585.46,187129.04,PRIVATE BUSINESS
CTR-10403,0,Renewal,Draft,HOSTING AGREEMENT,Data analytics platform services,OLIVIA BROOKS (OBR19),Grace Morgan (GMO26),Global Cloud Partners,2026-12-19,Grace Morgan (GMO26),2027-01-29,2028-07-30,2028-06-15,2026-12-01,18,587720.08,487988.34,503404.97,532155.00,84315.11,PGBA LLC
CTR-10404,0,Renewal,Review in Progress,LEASE,Database administration services,Aaron Jackson (AJA11),Emma  Sullivan (ESU75),United Technology Partners,,Isaac Ward (IWA63),2025-07-04,2026-07-04,2026-03-06,2025-05-08,12,420943.04,400203.81,394946.73,421519.48,25996.31,CORPORATE INFORMATION SYSTEMS
CTR-10405,0,Renewal,Approved,WARRANTY,Software subscription renewal,Jason Bourne (YTU76),Sofia Turner (STU33),United Technology Partners,2024-04-06,Priya Shah (PSH62),2024-05-22,2024-11-21,2024-10-22,2024-03-22,6,821768.37,769274.94,761774.84,795414.74,,CORPORATE INFORMATION SYSTEMS
CTR-10406,0,New,Pending Revision,LEASE,Enterprise software licensing and support,Marcus Hill (MHI58),Daniel Reed (DRE44),Yorkshire Equipment Leasing,2023-12-06,Aaron Jackson (AJA11),2024-01-20,2024-04-20,2023-12-22,2023-12-01,3,368167.35,333735.08,335832.65,338439.52,32334.70,BLUECHOICE
CTR-10407,0,New,Waiting on Contract Manager Approval,LEASE,Enterprise software licensing and support,Emma Sullivan (ESU75),Miles Cooper (MCO36),Blue Ridge Consulting LLC,2025-02-26,nora bennett (NBE47),2025-04-04,2025-05-04,2025-03-20,2025-02-02,1,269540.84,252820.04,245889.85,261692.87,23650.99,CGS
CTR-10408,0,New,Approved,LEASE,Data analytics platform services,GRACE MORGAN (GMO26),LIAM FOSTER (LFO73),Delta Office Supply,2024-10-04,Daniel Reed (DRE44),2024-11-05,2025-05-07,2025-02-06,2024-08-23,6,1081302.62,1018909.29,983269.88,1019400.66,98032.74,CORPORATE INFORMATION SYSTEMS
CTR-10409,0,New,Waiting on Vendor Approval,SOW,Cybersecurity monitoring services,Jason Bourne (YTU76),Marcus Hill (MHI58),Westbridge Solutions,2026-02-26,Marcus Hill (MHI58),2026-03-10,2030-03-10,2029-12-10,2026-02-23,48,1042227.97,1034646.13,1011726.25,973035.93,30501.72,CGS
CTR-10410,0,New,Pending Revision,SUBSCRIPTION,Training and implementation services,Marcus Hill (MHI58),Aaron Jackson (AJA11),United Technology Partners,2026-09-04,Caleb Price (CPR91),2026-10-15,2031-10-15,2031-06-17,2026-08-06,60,695405.92,642953.89,637928.61,653955.89,57477.31,MEDICAID
CTR-10411,0,New,Approved,HOSTING AGREEMENT,Hardware warranty and support,Marcus Hill (MHI58),Maya Carter (MCA21),Redwood Consulting,2024-10-04,Grace Morgan (GMO26),2024-10-12,2026-04-13,2026-01-13,2024-09-17,18,1749416.18,1722005.81,1677663.71,1774325.38,71752.47,PALMETTO GBA
CTR-10412,0,Renewal,Manager Draft Approval Past Due,HOSTING AGREEMENT,Telecommunications services,JORDAN LEE (JLE39),LUCAS HUGHES (LHU28),Liberty Professional Services,2024-02-08,Natalie Ross (NRO84),2024-03-02,2024-09-01,2024-07-03,2024-02-06,6,444857.22,365782.06,377891.93,379458.04,66965.29,BLUECHOICE
CTR-10413,0,New,Waiting on Vendor Approval,WARRANTY,Telecommunications services,Isaac Ward (IWA63),JORDAN LEE (JLE39),Xenon Cloud Services,2024-02-08,olivia brooks (OBR19),2024-03-06,2024-09-05,2024-05-08,2024-02-08,6,716521.29,642183.45,670968.81,677046.81,45552.48,MEDICAID
CTR-10414,0,New,Draft,PURCHASE,Cybersecurity monitoring services,Caleb Price (CPR91),Marcus Hill (MHI58),Carolina Data Systems,2025-03-22,Caleb Price (CPR91),2025-03-24,2028-03-24,2028-02-08,2025-03-08,36,861962.19,808077.48,800408.81,799977.48,61553.38,PGBA LLC
CTR-10415,0,New,Approved,SOW,Training and implementation services,Jason Bourne (YTU76),Sofia Turner (STU33),Yorkshire Equipment Leasing,2023-12-24,Daniel  Reed (DRE44),2024-01-23,2025-07-24,2025-06-09,2023-12-22,18,436401.60,364529.35,367085.53,350872.72,69316.07,MEDICAID
CTR-10416,0,New,Draft,SOW,Application development statement of work,Ethan Collins (ECO67),Caleb Price (CPR91),Metro Facilities Group,,Marcus Hill (MHI58),2024-07-18,2026-07-19,2026-04-20,2024-05-08,24,1454452.33,1231969.99,1242709.75,1242305.28,211742.58,PGBA LLC
CTR-10417,0,New,Review in Progress,LEASE,Data analytics platform services,Morgan Davis (MDA70),Miles Cooper (MCO36),Global Cloud Partners,,Taylor Grant (TGR55),2026-12-07,2028-12-07,2028-09-08,2026-11-14,24,651767.86,634868.47,630481.62,671959.99,21286.24,COMPANION DATA SERVICES
CTR-10418,0,Renewal,Approved,PURCHASE,Managed network services,Olivia Brooks (OBR19),Marcus Hill (MHI58),United Technology Partners,2024-06-02,Chloe Evans (CEV31),2024-06-27,2028-06-27,2028-05-28,2024-04-23,48,309643.16,270383.34,258707.16,265161.00,50936.00,PALMETTO GBA
CTR-10419,0,New,Waiting on Vendor Approval,SFWCONTRACT,Document management solution,Olivia Brooks (OBR19),ZOE RAMIREZ (ZRA52),United Technology Partners,2024-08-20,Chloe Evans (CEV31),2024-09-21,2028-09-21,2028-07-23,2024-07-11,48,675761.16,637105.03,637483.63,627390.71,38277.53,COMPANION DATA SERVICES
CTR-10420,0,Renewal,Waiting on Contract Manager Approval,SERVICE,Disaster recovery hosting,Olivia Brooks (OBR19),Sofia Turner (STU33),Apex Technology Solutions,2026-07-28,Daniel Reed (DRE44),2026-08-04,2026-11-03,2026-09-04,2026-05-30,3,1158259.65,1137437.35,1133439.60,1089413.33,24820.05,COMPANION DATA SERVICES
CTR-10421,0,Renewal,Draft,SOW,Professional consulting services,Natalie Ross (NRO84),Jordan Lee (JLE39),Keystone Medical Systems,,Olivia Brooks (OBR19),2024-03-19,2029-03-19,2029-02-02,2024-01-12,60,388178.90,358008.54,375472.58,394489.03,12706.32,MEDICAID
CTR-10422,0,Renewal,Draft,SERVICE,Enterprise software licensing and support,Noah Parker (NPA82),SOFIA TURNER (STU33),Yorkshire Equipment Leasing,2024-05-29,Daniel Reed (DRE44),2024-06-16,2025-12-16,2025-09-17,2024-04-17,18,1608066.73,1371896.55,1310674.61,1397630.47,297392.12,PAL
CTR-10423,0,New,Waiting on Vendor Approval,WARRANTY,IT staff augmentation,Jordan Lee (JLE39),Jordan Lee (JLE39),Redwood Consulting,2025-01-26,Jason Bourne (YTU76),2025-02-10,2025-05-12,2025-01-12,2025-01-16,3,1196992.98,,1186126.46,1254068.43,10866.52,COMPANION DATA SERVICES
CTR-10424,0,Renewal,Review in Progress,SOW,Network infrastructure maintenance,Noah Parker (NPA82),Jason Bourne (YTU76),Vanguard Software Group,2027-03-08,Marcus Hill (MHI58),2027-03-30,2027-06-29,2027-05-30,2027-02-24,3,759216.12,697184.76,673905.83,673287.42,85310.29,PAL
CTR-10425,0,New,Approved,SOW,Enterprise software licensing and support,Miles Cooper (MCO36),Olivia Brooks (OBR19),Juniper Analytics Group,2026-04-09,Aaron Jackson (AJA11),2026-04-27,2029-04-27,2029-02-26,2026-03-06,36,769399.31,765808.24,753235.71,806282.60,16163.60,CORPORATE INFORMATION SYSTEMS
CTR-10426,0,New,Pending Revision,SFWCONTRACT,Telecommunications services,Jordan Lee (JLE39),Olivia Brooks (OBR19),United Technology Partners,2024-02-02,OLIVIA BROOKS (OBR19),2024-02-03,2027-02-03,2027-01-04,2023-11-25,36,183965.22,165557.40,166902.28,159265.27,17062.94,CORPORATE INFORMATION SYSTEMS
CTR-10427,0,New,Pending Revision,SERVICE,IT staff augmentation,Isaac Ward (IWA63),Aaron Jackson (AJA11),Delta Office Supply,,Taylor Grant (TGR55),2026-02-06,2027-02-06,2026-10-09,2025-12-25,12,1187333.91,,1081160.90,1154911.10,106173.01,MEDICAID
CTR-10428,0,New,Approved,SOW,Business intelligence reporting support,Liam Foster (LFO73),Lucas Hughes (LHU28),Xenon Cloud Services,2026-03-08,Ava Mitchell (AMI14),2026-03-12,2027-03-12,2026-11-12,2026-01-14,12,97587.88,96392.36,95708.96,102611.58,1878.92,PRIVATE BUSINESS
CTR-10429,0,New,Approved,SERVICE,Network infrastructure maintenance,MILES COOPER (MCO36),Lucas Hughes (LHU28),Westbridge Solutions,2025-05-12,Morgan Davis (MDA70),2025-06-16,2030-06-16,2030-05-02,2025-04-29,60,172391.69,142156.82,135213.00,141987.74,37178.69,COMPANION DATA SERVICES
CTR-10430,0,Renewal,Review in Progress,HOSTING AGREEMENT,Medical claims processing support,Sofia Turner (STU33),Ava Mitchell (AMI14),Oakline Software,,Emma Sullivan (ESU75),2026-02-13,2027-08-15,2027-07-16,2026-01-02,18,263066.31,216810.14,227321.05,241574.55,35745.26,MEDICAID
CTR-10431,0,New,Draft,PURCHASE,Professional consulting services,Grace Morgan (GMO26),Ethan Collins (ECO67),Carolina Data Systems,,Zoe Ramirez (ZRA52),2026-04-27,2026-07-27,2026-04-28,2026-04-11,3,758733.28,743671.24,753603.10,760094.79,5130.18,PALMETTO GBA
CTR-10432,0,Renewal,Waiting for IBO Decision,HOSTING AGREEMENT,Network infrastructure maintenance,Zoe Ramirez (ZRA52),Natalie Ross (NRO84),Keystone Medical Systems,2025-06-03,Sofia Turner (STU33),2025-06-05,2025-09-04,2025-07-21,2025-05-26,3,46353.52,42279.70,40809.83,43368.35,5543.69,MEDICAID
CTR-10433,0,New,Waiting on Contract Manager Approval,PURCHASE,Cybersecurity monitoring services,Ethan Collins (ECO67),Grace Morgan (GMO26),IronGate Security,2026-08-27,Aaron Jackson (AJA11),2026-10-12,2029-10-12,2029-06-14,2026-08-15,36,453917.20,388379.62,401818.94,419202.23,52098.26,PALMETTO GBA
CTR-10434,0,Renewal,Approved,SERVICE,IT staff augmentation,Nora Bennett (NBE47),Noah Parker (NPA82),Northstar Communications,2026-01-25,NATALIE ROSS (NRO84),2026-02-23,2029-02-23,2029-01-09,2026-01-02,36,1616720.95,1564147.62,1556233.56,1658366.77,60487.39,PALMETTO GBA
CTR-10435,0,Renewal,Waiting on Senior Management Approval,SOW,Database administration services,Sofia Turner (STU33),Nora Bennett (NBE47),Apex Technology Solutions,2025-03-15,Grace Morgan (GMO26),2025-03-16,2027-03-17,2027-01-16,2025-02-19,24,569442.95,467930.60,476741.38,497329.14,92701.57,CGS
CTR-10436,0,New,Approved,SFWCONTRACT,Training and implementation services,ETHAN COLLINS (ECO67),Noah Parker (NPA82),Global Cloud Partners,2026-04-08,PRIYA SHAH (PSH62),2026-05-13,2029-05-13,2029-03-14,2026-03-27,36,358836.24,346094.16,346047.47,373293.09,12788.77,PGBA LLC
CTR-10437,0,New,Pending Revision,HOSTING AGREEMENT,Application development statement of work,Jason Bourne (YTU76),chloe evans (CEV31),Apex Technology Solutions,2026-11-12,CALEB PRICE (CPR91),2026-12-28,2031-12-28,2031-11-28,2026-11-08,60,848458.57,822472.86,815488.33,806623.79,32970.24,PRIVATE BUSINESS
CTR-10438,0,Renewal,Review in Progress,HOSTING AGREEMENT,Database administration services,Zoe Ramirez (ZRA52),Olivia Brooks (OBR19),Juniper Analytics Group,,NATALIE ROSS (NRO84),2025-04-03,2025-05-03,2025-04-03,2025-03-10,1,584531.98,551662.46,548114.30,532835.55,36417.68,PALMETTO GBA
CTR-10439,0,Renewal,Waiting on Vendor Approval,HOSTING AGREEMENT,Cybersecurity monitoring services,Maya Carter (MCA21),Daniel Reed (DRE44),Blue Ridge Consulting LLC,2026-02-10,Jordan Lee (JLE39),2026-02-16,2027-08-18,2027-07-04,2026-01-23,18,831945.30,701106.90,726479.60,761274.00,105465.70,CGS
CTR-10440,0,New,Approved,SERVICE,Managed network services,Noah Parker (NPA82),Taylor Grant (TGR55),Pioneer Health Technologies,2025-08-04,Daniel Reed (DRE44),2025-08-29,2025-11-28,2025-09-29,2025-07-22,3,1252462.29,1043959.87,1043396.73,1020047.40,209065.56,PALMETTO GBA
CTR-10441,0,New,Manager Draft Approval Past Due,SOW,Application development statement of work,aaron jackson (AJA11),MILES COOPER (MCO36),Westbridge Solutions,2025-11-28,Marcus  Hill (MHI58),2026-01-14,2029-01-14,2028-10-16,2025-11-03,36,1405137.80,1199751.09,1173097.23,1139482.74,232040.57,PALMETTO GBA
CTR-10442,0,New,Waiting on Senior Management Approval,LEASE,Data analytics platform services,Sofia Turner (STU33),Zoe Ramirez (ZRA52),Apex Technology Solutions,2024-08-05,Isaac Ward (IWA63),2024-08-30,2029-08-30,2029-07-31,2024-07-09,60,385658.52,343794.15,341416.76,339158.68,44241.76,PALMETTO GBA
CTR-10443,0,New,Waiting on Vendor Approval,SERVICE,Application development statement of work,Sofia Turner (STU33),Miles Cooper (MCO36),Global Cloud Partners,2024-03-15,Miles Cooper (MCO36),2024-04-12,2025-04-12,2025-03-13,2024-03-08,12,100382.30,82958.33,81018.58,77661.18,19363.72,PAL
CTR-10444,0,Renewal,Pending Revision,LEASE,Data analytics platform services,Zoe  Ramirez (ZRA52),Ethan Collins (ECO67),Xenon Cloud Services,2025-08-04,Chloe Evans (CEV31),2025-08-12,2025-09-11,2025-08-12,2025-07-13,1,1121702.44,1069023.18,1106713.08,1150352.62,14989.36,CORPORATE INFORMATION SYSTEMS
CTR-10445,0,New,Pending Revision,HOSTING AGREEMENT,IT staff augmentation,jason bourne (YTU76),Noah Parker (NPA82),Northstar Communications,2024-01-16,Sofia Turner (STU33),2024-01-20,2026-01-20,2025-10-22,2024-01-13,24,853260.00,706611.72,672509.99,698338.42,180750.01,MEDICAID
CTR-10446,0,Renewal,Waiting on IBO Expiration Reply,LEASE,Application development statement of work,Isaac Ward (IWA63),Grace Morgan (GMO26),Xenon Cloud Services,2025-05-31,Noah Parker (NPA82),2025-06-03,2027-06-04,2027-03-06,2025-05-26,24,545535.59,480111.14,480967.23,498432.02,64568.36,MEDICAID
CTR-10447,0,New,Review in Progress,HOSTING AGREEMENT,Medical claims processing support,Priya Shah (PSH62),Grace Morgan (GMO26),Northstar Communications,,Ava Mitchell (AMI14),2026-06-01,2028-06-01,2028-04-17,2026-05-14,24,1718891.86,1607115.89,1681919.59,1789610.76,36972.27,COMPANION LIFE
CTR-10448,0,Renewal,Review in Progress,SFWCONTRACT,Hardware warranty and support,Lucas Hughes (LHU28),Noah Parker (NPA82),Keystone Medical Systems,2025-11-13,Maya Carter (MCA21),2025-12-04,2026-03-05,2025-12-05,2025-09-30,3,522693.32,519820.90,519765.12,540097.54,2928.20,PAL
CTR-10449,0,Renewal,Waiting for IBO Decision,SFWCONTRACT,IT staff augmentation,CHLOE EVANS (CEV31),Maya  Carter (MCA21),Juniper Analytics Group,2026-08-18,LUCAS HUGHES (LHU28),2026-09-27,2028-03-28,2028-02-27,2026-07-27,18,1190154.70,976064.33,951802.64,947546.53,238352.06,CGS
CTR-10450,0,Renewal,Approved,LEASE,Cybersecurity monitoring services,Nora Bennett (NBE47),Daniel Reed (DRE44),Evergreen Software Inc.,2025-11-21,Maya Carter (MCA21),2025-12-27,2026-12-27,2026-09-28,2025-10-27,12,1740597.73,1458037.74,1423228.68,1407947.40,317369.05,COMPANION LIFE
CTR-10451,0,New,Review in Progress,SERVICE,Cybersecurity monitoring services,Emma  Sullivan (ESU75),CHLOE EVANS (CEV31),Evergreen Software Inc.,2026-07-31,Lucas Hughes (LHU28),2026-08-02,2031-08-02,2031-06-18,2026-06-08,60,789222.60,666853.46,662979.13,656829.24,126243.47,PAL
CTR-10452,0,New,Pending Revision,SUBSCRIPTION,Document management solution,Jason Bourne (YTU76),NORA BENNETT (NBE47),Apex Technology Solutions,,Marcus Hill (MHI58),2025-09-11,2026-09-11,2026-05-14,2025-07-01,12,1119497.09,1099328.49,1140861.70,1091758.65,0.00,PGBA LLC
CTR-10453,0,New,Waiting on IBO Expiration Reply,WARRANTY,Cloud hosting services,Noah Parker (NPA82),AARON JACKSON (AJA11),Carolina Data Systems,2025-08-05,NATALIE ROSS (NRO84),2025-08-18,2029-08-18,2029-06-19,2025-08-04,48,1334148.93,1255960.25,1286023.34,1230586.26,48125.59,BLUECHOICE
CTR-10454,0,New,Draft,PURCHASE,Application development statement of work,Taylor Grant (TGR55),Jason Bourne (YTU76),United Technology Partners,2024-07-30,Natalie Ross (NRO84),2024-08-22,2024-11-21,2024-10-22,2024-07-27,3,938081.50,810968.73,778822.50,742377.76,159259.00,CORPORATE INFORMATION SYSTEMS
CTR-10455,0,New,Review in Progress,PURCHASE,Data analytics platform services,Natalie Ross (NRO84),Priya Shah (PSH62),Redwood Consulting,,nora bennett (NBE47),2024-02-14,2024-08-15,2024-07-01,2024-01-08,6,1336288.17,1227250.51,1224324.55,1209271.12,111963.62,CORPORATE INFORMATION SYSTEMS
CTR-10456,0,Renewal,Pending Revision,LEASE,Document management solution,MARCUS HILL (MHI58),ISAAC WARD (IWA63),Northstar Communications,,CALEB PRICE (CPR91),2025-09-12,2025-10-12,2025-06-14,2025-07-11,1,1633169.89,1622233.16,1617026.94,1688173.68,16142.95,PAL
CTR-10457,0,Renewal,Review in Progress,SOW,Business intelligence reporting support,daniel reed (DRE44),Marcus Hill (MHI58),Metro Facilities Group,2026-06-19,Taylor Grant (TGR55),2026-07-30,2027-01-29,2026-11-30,2026-06-15,6,1649507.24,1544143.52,1525076.86,1542352.63,124430.38,PGBA LLC
CTR-10458,0,Renewal,Review in Progress,PURCHASE,Facilities maintenance services,Grace Morgan (GMO26),CALEB PRICE (CPR91),Summit Enterprise Systems,2024-11-16,Jason Bourne (YTU76),2024-11-21,2025-11-21,2025-10-22,2024-11-01,12,585968.59,504915.20,518635.93,554548.81,67332.66,PRIVATE BUSINESS
CTR-10459,0,Renewal,Pending Revision,SUBSCRIPTION,Professional consulting services,NOAH PARKER (NPA82),TAYLOR GRANT (TGR55),Blue Ridge Consulting LLC,2024-02-22,Morgan Davis (MDA70),2024-03-01,2024-08-31,2024-07-02,2024-02-10,6,244123.87,228190.21,229478.76,223843.53,14645.11,PRIVATE BUSINESS
CTR-10460,0,Renewal,Pending Revision,SERVICE,Professional consulting services,Aaron Jackson (AJA11),Olivia  Brooks (OBR19),Summit Enterprise Systems,,Marcus Hill (MHI58),2026-01-06,2029-01-06,2028-09-08,2025-12-21,36,1229838.36,1220484.03,1248345.67,1271639.91,0.00,BLUECHOICE
CTR-10461,0,New,Manager Draft Approval Past Due,PURCHASE,Professional consulting services,Aaron Jackson (AJA11),Daniel Reed (DRE44),Oakline Software,2025-07-23,Marcus Hill (MHI58),2025-09-02,2025-12-02,2025-11-02,2025-06-24,3,97404.82,89349.13,85083.09,89913.48,12321.73,PAL
CTR-10462,0,New,Waiting on Senior Management Approval,PURCHASE,Application development statement of work,Lucas Hughes (LHU28),Miles Cooper (MCO36),Carolina Data Systems,2024-03-23,Miles Cooper (MCO36),2024-04-26,2029-04-26,2029-03-27,2024-02-19,60,1177551.44,972433.11,964790.34,941699.50,212761.10,PGBA LLC
CTR-10463,0,Renewal,IBO Expiration Reply Past Due (2),HOSTING AGREEMENT,Data analytics platform services,Lucas Hughes (LHU28),Jordan Lee (JLE39),Pioneer Health Technologies,2024-05-24,Maya Carter (MCA21),2024-05-24,2027-05-25,2027-01-25,2024-05-07,36,864394.82,728947.28,745226.84,718046.90,119167.98,CGS
CTR-10464,0,New,Waiting on IBO Expiration Reply,SERVICE,Enterprise software licensing and support,Morgan Davis (MDA70),Ethan Collins (ECO67),Blue Ridge Consulting LLC,2024-01-31,Caleb Price (CPR91),2024-02-07,2029-02-06,2028-11-08,2024-01-25,60,1379398.32,1303778.73,1294615.60,1301720.92,84782.72,BLUECHOICE
CTR-10465,0,Renewal,Manager Draft Approval Past Due,SERVICE,Facilities maintenance services,Ava Mitchell (AMI14),LUCAS HUGHES (LHU28),Northstar Communications,2026-11-29,Nora Bennett (NBE47),2027-01-03,2027-02-02,2027-01-03,2026-11-26,1,142517.96,120115.40,116278.84,111125.77,26239.12,BLUECHOICE
CTR-10466,0,New,Review in Progress,WARRANTY,Network infrastructure maintenance,Daniel Reed (DRE44),Emma  Sullivan (ESU75),Vanguard Software Group,2025-12-22,Jordan Lee (JLE39),2026-01-01,2027-01-01,2026-10-03,2025-11-17,12,530366.73,497301.49,498636.46,491047.00,31730.27,CGS
CTR-10467,0,Renewal,Waiting on Contract Manager Approval,WARRANTY,Cybersecurity monitoring services,Marcus Hill (MHI58),Miles Cooper (MCO36),Carolina Data Systems,2024-08-31,Taylor Grant (TGR55),2024-09-08,2026-09-09,2026-07-26,2024-08-28,24,1258523.78,1179215.96,1173763.62,1132507.03,84760.16,COMPANION LIFE
CTR-10468,0,New,Waiting on SAM/HAM Approval,LEASE,Cloud hosting services,Caleb Price (CPR91),Caleb Price (CPR91),IronGate Security,2025-12-08,Maya Carter (MCA21),2026-02-15,2026-08-17,2026-05-19,2025-12-02,6,1190422.41,982854.52,1008703.23,1081167.57,181719.18,PRIVATE BUSINESS
CTR-10469,0,Renewal,Draft,SERVICE,Enterprise software licensing and support,Nora Bennett (NBE47),Taylor Grant (TGR55),Keystone Medical Systems,2024-08-02,MORGAN DAVIS (MDA70),2024-08-11,2029-08-11,2029-05-13,2024-06-29,60,836987.05,772596.35,777873.42,791454.06,59113.63,PRIVATE BUSINESS
CTR-10470,0,Renewal,Approved,HOSTING AGREEMENT,Cybersecurity monitoring services,Daniel Reed (DRE44),Morgan Davis (MDA70),Vanguard Software Group,2024-02-24,Liam Foster (LFO73),2024-03-20,2025-09-19,2025-07-21,2024-02-08,18,1409455.19,1361317.66,1376019.78,1329455.04,33435.41,CORPORATE INFORMATION SYSTEMS
CTR-10471,0,New,Review in Progress,WARRANTY,Enterprise software licensing and support,Grace Morgan (GMO26),Emma  Sullivan (ESU75),Oakline Software,2024-05-23,Maya Carter (MCA21),2024-06-11,2025-12-11,2025-08-13,2024-04-25,18,327748.02,313941.91,306914.14,326242.73,20833.88,BLUECHOICE
CTR-10472,0,Renewal,Approved,LEASE,Cloud hosting services,Isaac Ward (IWA63),Maya Carter (MCA21),Frontier Network Services,2025-05-27,AVA MITCHELL (AMI14),2025-06-14,2026-12-14,2026-11-14,2025-04-23,18,1294383.14,1201322.42,1183270.11,1136024.84,111113.03,PGBA LLC
CTR-10473,0,New,Manager Draft Approval Past Due,SUBSCRIPTION,Professional consulting services,chloe evans (CEV31),Liam Foster (LFO73),United Technology Partners,2026-04-10,Grace Morgan (GMO26),2026-04-15,2028-04-15,2028-01-16,2026-03-02,24,60927.54,53999.73,52870.45,51258.34,8057.09,PAL
CTR-10474,0,New,Waiting on Contract Manager Approval,SOW,Office equipment purchase,Maya Carter (MCA21),Marcus Hill (MHI58),Metro Facilities Group,2024-06-06,AARON JACKSON (AJA11),2024-06-07,2025-06-07,2025-02-07,2024-03-28,12,1322442.50,1212698.46,1166766.58,1241675.73,155675.92,PRIVATE BUSINESS
CTR-10475,0,New,IBO Expiration Reply Past Due (2),SERVICE,Managed network services,Liam Foster (LFO73),Morgan Davis (MDA70),Juniper Analytics Group,2024-07-19,Ava Mitchell (AMI14),2024-08-24,2025-08-24,2025-05-26,2024-06-26,12,148043.68,136330.80,130556.42,130177.62,17487.26,COMPANION LIFE
CTR-10476,0,New,Waiting on SAM/HAM Approval,PURCHASE,Disaster recovery hosting,Priya Shah (PSH62),Marcus Hill (MHI58),Harbor Business Solutions,2024-08-01,Chloe Evans (CEV31),2024-08-29,2024-11-28,2024-08-30,2024-06-30,3,1769929.71,1634852.42,1656535.43,1740097.45,113394.28,PAL
CTR-10477,0,New,Draft,WARRANTY,Network infrastructure maintenance,NORA BENNETT (NBE47),Sofia Turner (STU33),Evergreen Software Inc.,,Marcus Hill (MHI58),2026-12-20,2029-12-20,2029-09-21,2026-10-29,36,1255987.01,1084492.39,1062085.90,1055485.12,193901.11,BLUECHOICE
CTR-10478,0,New,Waiting on Contract Manager Approval,LEASE,Hardware warranty and support,Aaron Jackson (AJA11),Nora Bennett (NBE47),Oakline Software,2024-12-15,Zoe Ramirez (ZRA52),2025-01-10,2030-01-10,2029-12-11,2024-12-15,60,1070428.15,949017.30,963196.07,962539.84,107232.08,PAL
CTR-10479,0,Renewal,Approved,SFWCONTRACT,IT staff augmentation,Lucas Hughes (LHU28),Miles Cooper (MCO36),Keystone Medical Systems,2026-02-01,Nora Bennett (NBE47),2026-02-25,2028-02-26,2028-01-12,2026-01-31,24,1466106.99,1396074.92,1464371.66,1431260.00,1735.33,BLUECHOICE
CTR-10050,1,New,Approved,SFWCONTRACT,Cybersecurity monitoring services,Ava Mitchell (AMI14),Chloe Evans (CEV31),Pioneer Health Technologies,2024-07-14,Noah Parker (NPA82),2024-08-05,2025-08-05,2025-06-06,2024-07-11,12,376283.39,365364.47,374676.32,357274.67,1607.07,PALMETTO GBA
CTR-10409,1,New,Review in Progress,HOSTING AGREEMENT,Hardware warranty and support,Lucas Hughes (LHU28),Isaac Ward (IWA63),Global Cloud Partners,2024-06-16,Isaac Ward (IWA63),2024-08-12,2024-11-11,2024-08-13,2024-06-11,3,1556782.44,1554842.54,1590857.94,1535400.86,0.00,CORPORATE INFORMATION SYSTEMS
CTR-10372,1,New,Approved,SOW,Cybersecurity monitoring services,Priya Shah (PSH62),Jordan Lee (JLE39),Oakline Software,2026-12-02,Maya Carter (MCA21),2026-12-03,2028-12-03,2028-10-19,2026-11-22,24,1130976.66,977462.95,985902.69,1048384.20,145073.97,PGBA LLC
CTR-10248,1,Renewal,Waiting on Contract Manager Approval,SFWCONTRACT,Medical claims processing support,Miles Cooper (MCO36),Taylor  Grant (TGR55),Global Cloud Partners,2027-02-11,NORA BENNETT (NBE47),2027-02-16,2028-02-16,2028-01-02,2027-02-05,12,1239927.08,1153638.17,1168753.87,1145978.42,71173.21,CGS
CTR-10449,1,New,Draft,SFWCONTRACT,IT staff augmentation,Natalie Ross (NRO84),Zoe Ramirez (ZRA52),Pioneer Health Technologies,,AVA MITCHELL (AMI14),2025-08-11,2028-08-11,2028-05-13,2025-06-24,36,767633.18,653804.69,683638.81,708167.55,83994.37,PAL
CTR-10451,1,New,Waiting on SAM/HAM Approval,WARRANTY,Training and implementation services,Jason Bourne (YTU76),Miles  Cooper (MCO36),Northstar Communications,2025-09-19,NORA BENNETT (NBE47),2025-10-23,2027-04-24,2027-02-23,2025-08-25,18,1457209.83,1306440.88,1275177.67,1220475.53,182032.16,COMPANION LIFE
CTR-10023,1,New,Pending Revision,PURCHASE,Disaster recovery hosting,Natalie Ross (NRO84),Marcus Hill (MHI58),Global Cloud Partners,2024-02-13,Jason Bourne (YTU76),2024-02-13,2027-02-13,2027-01-14,2023-12-26,36,1379993.23,1147359.02,1095637.82,1070832.84,284355.41,CGS
CTR-10202,1,Renewal,Draft,PURCHASE,Hardware warranty and support,Ethan Collins (ECO67),Ava Mitchell (AMI14),Keystone Medical Systems,2026-10-20,Maya Carter (MCA21),2026-12-14,2027-03-15,2026-11-15,2026-10-18,3,286717.18,250666.50,243898.64,256194.43,42818.54,PAL
CTR-10401,1,New,Pending Revision,SFWCONTRACT,Professional consulting services,Miles Cooper (MCO36),Morgan Davis (MDA70),Carolina Data Systems,,JASON BOURNE (YTU76),2027-01-14,2027-07-16,2027-06-16,2026-11-18,6,1092216.39,956993.61,940124.37,955736.29,152092.02,CGS
CTR-10135,1,Renewal,Review in Progress,SUBSCRIPTION,Application development statement of work,Ava Mitchell (AMI14),Emma Sullivan (ESU75),Northstar Communications,,Chloe Evans (CEV31),2026-12-28,2031-12-28,2031-11-13,2026-11-03,60,897177.63,799256.19,789084.67,805699.31,108092.96,CGS
CTR-10203,1,Renewal,Pending Revision,WARRANTY,Managed network services,liam foster (LFO73),Aaron Jackson (AJA11),Delta Office Supply,,Olivia Brooks (OBR19),2025-03-01,2029-03-01,2028-11-01,2025-01-22,48,728735.16,707494.48,709150.42,751099.86,19584.74,CORPORATE INFORMATION SYSTEMS
CTR-10210,1,New,IBO Expiration Reply Past Due (2),PURCHASE,Cloud hosting services,Natalie Ross (NRO84),Jason Bourne (YTU76),Keystone Medical Systems,2026-09-21,Ethan Collins (ECO67),2026-09-27,2031-09-27,2031-06-29,2026-08-11,60,428152.11,386641.46,385984.03,394523.90,42168.08,PRIVATE BUSINESS
CTR-10217,1,Renewal,Manager Draft Approval Past Due,HOSTING AGREEMENT,Software subscription renewal,Sofia  Turner (STU33),OLIVIA BROOKS (OBR19),Quantum Data Services,2026-11-05,Nora Bennett (NBE47),2026-12-10,2030-12-10,2030-10-26,2026-10-11,48,21619.05,18185.19,19086.71,19918.75,2532.34,CGS
CTR-10455,1,New,Waiting for IBO Decision,PURCHASE,Application development statement of work,Natalie Ross (NRO84),Grace Morgan (GMO26),Quantum Data Services,2025-02-23,Noah Parker (NPA82),2025-03-07,2027-03-08,2027-01-22,2025-02-07,24,1288571.17,1166539.20,1145271.79,1114692.29,,COMPANION LIFE
CTR-10359,1,New,Waiting on Contract Manager Approval,WARRANTY,Facilities maintenance services,Natalie Ross (NRO84),SOFIA TURNER (STU33),Delta Office Supply,2025-03-24,Aaron Jackson (AJA11),2025-04-07,2027-04-08,2027-03-09,2025-03-07,24,515116.70,506911.88,503169.13,525717.15,11947.57,BLUECHOICE
CTR-10287,1,New,Waiting for IBO Decision,LEASE,Managed network services,Taylor  Grant (TGR55),Sofia Turner (STU33),Evergreen Software Inc.,2026-12-02,OLIVIA BROOKS (OBR19),2026-12-05,2029-12-05,2029-10-06,2026-10-24,36,1204951.96,1090738.46,1054536.78,1109201.27,150415.18,CGS
CTR-10075,1,New,Review in Progress,HOSTING AGREEMENT,Facilities maintenance services,Marcus Hill (MHI58),Isaac Ward (IWA63),Carolina Data Systems,,Zoe Ramirez (ZRA52),2026-10-21,2027-01-20,2026-12-06,2026-08-25,3,697026.10,631091.64,619212.09,630270.07,77814.01,BLUECHOICE
CTR-10085,1,Renewal,Waiting on SAM/HAM Approval,PURCHASE,Telecommunications services,Zoe Ramirez (ZRA52),Noah Parker (NPA82),Redwood Consulting,2025-11-20,Emma Sullivan (ESU75),2025-12-14,2026-06-15,2026-05-16,2025-10-22,6,1388486.89,1225032.10,1215731.40,1252454.57,172755.49,PALMETTO GBA
CTR-10191,1,New,Waiting on Contract Manager Approval,HOSTING AGREEMENT,Office equipment purchase,Miles  Cooper (MCO36),Lucas Hughes (LHU28),Oakline Software,2025-04-25,Olivia Brooks (OBR19),2025-06-03,2030-06-03,2030-05-04,2025-04-23,60,1166756.52,1091502.28,1080401.05,1166234.51,86355.47,MEDICAID
CTR-10292,1,Renewal,Waiting on Senior Management Approval,WARRANTY,Training and implementation services,zoe ramirez (ZRA52),Taylor Grant (TGR55),United Technology Partners,2024-07-30,Morgan Davis (MDA70),2024-07-31,2024-08-30,2024-07-01,2024-07-21,1,1610205.92,1364769.50,1397004.83,1485321.69,213201.09,PALMETTO GBA
CTR-10028,1,New,Waiting on Contract Manager Approval,SOW,Network infrastructure maintenance,Ethan Collins (ECO67),TAYLOR GRANT (TGR55),Redwood Consulting,2025-09-20,Priya Shah (PSH62),2025-10-10,2026-04-11,2025-12-12,2025-08-18,6,30437.33,28599.19,28360.04,29403.80,2077.29,CORPORATE INFORMATION SYSTEMS
CTR-10075,2,Renewal,Approved,WARRANTY,Cloud hosting services,Ethan Collins (ECO67),nora bennett (NBE47),IronGate Security,2023-11-24,Taylor Grant (TGR55),2024-01-07,2025-07-08,2025-05-09,2023-11-17,18,617907.22,569878.03,581064.29,594780.08,36842.93,PRIVATE BUSINESS
CTR-10373,1,New,IBO Expiration Reply Past Due (2),HOSTING AGREEMENT,Software subscription renewal,Aaron Jackson (AJA11),Daniel Reed (DRE44),Apex Technology Solutions,2025-01-19,Ava Mitchell (AMI14),2025-01-26,2025-07-28,2025-05-29,2025-01-13,6,1272115.56,1083894.27,1044920.26,1035537.22,227195.30,COMPANION LIFE
CTR-10090,1,Renewal,Draft,WARRANTY,Cybersecurity monitoring services,Grace Morgan (GMO26),Grace Morgan (GMO26),Carolina Data Systems,,Miles Cooper (MCO36),2024-12-15,2025-01-14,2024-09-16,2024-10-20,1,1025836.79,1024683.76,1017905.83,1052495.33,7930.96,PALMETTO GBA
CTR-10257,1,New,Waiting on Contract Manager Approval,SFWCONTRACT,Professional consulting services,Noah  Parker (NPA82),NOAH PARKER (NPA82),Quantum Data Services,2024-12-22,Olivia Brooks (OBR19),2025-01-16,2029-01-16,2028-12-02,2024-11-11,48,673247.53,597859.85,603144.38,575641.28,70103.15,COMPANION LIFE
CTR-10004,1,New,Review in Progress,SOW,Network infrastructure maintenance,chloe evans (CEV31),Emma  Sullivan (ESU75),Frontier Network Services,2026-06-18,Jason Bourne (YTU76),2026-07-23,2029-07-23,2029-04-24,2026-05-17,36,1303453.56,1209825.90,1207715.67,1210312.14,95737.89,MEDICAID
CTR-10478,1,Renewal,Review in Progress,SUBSCRIPTION,Telecommunications services,Lucas Hughes (LHU28),jason bourne (YTU76),Yorkshire Equipment Leasing,,Sofia Turner (STU33),2026-12-09,2027-12-09,2027-08-11,2026-11-15,12,602999.07,598648.07,626803.99,620664.80,0.00,CORPORATE INFORMATION SYSTEMS
CTR-10084,1,New,Waiting for IBO Decision,SERVICE,Software subscription renewal,Daniel  Reed (DRE44),Ethan Collins (ECO67),Juniper Analytics Group,2026-12-25,Taylor Grant (TGR55),2027-02-11,2029-02-11,2029-01-12,2026-12-05,24,623757.79,564341.20,574882.33,598361.31,48875.46,CORPORATE INFORMATION SYSTEMS
CTR-10361,1,New,Waiting on Vendor Approval,SUBSCRIPTION,Medical claims processing support,Caleb Price (CPR91),Chloe Evans (CEV31),Keystone Medical Systems,2026-02-25,Taylor Grant (TGR55),2026-03-17,2031-03-17,2031-02-15,2026-01-25,60,1207428.64,1200957.57,1144139.82,1218653.59,63288.82,COMPANION DATA SERVICES
CTR-10256,1,Renewal,Review in Progress,SUBSCRIPTION,Professional consulting services,Marcus Hill (MHI58),Maya  Carter (MCA21),United Technology Partners,,NORA BENNETT (NBE47),2026-02-25,2026-08-27,2026-05-29,2026-01-30,6,699333.85,676835.93,645351.33,693498.84,53982.52,COMPANION LIFE
CTR-10427,1,New,Waiting on SAM/HAM Approval,SOW,Network infrastructure maintenance,jason bourne (YTU76),Marcus Hill (MHI58),United Technology Partners,2024-01-12,Caleb Price (CPR91),2024-01-24,2028-01-24,2027-10-26,2023-11-24,48,102847.76,92202.67,94434.57,91136.40,8413.19,PAL
CTR-10399,1,New,IBO Expiration Reply Past Due (2),SOW,Network infrastructure maintenance,Emma Sullivan (ESU75),PRIYA SHAH (PSH62),Frontier Network Services,2025-06-02,Jason Bourne (YTU76),2025-06-12,2026-06-12,2026-02-12,2025-04-08,12,92135.76,80223.39,77187.35,78241.02,14948.41,PAL
CTR-10129,1,New,Waiting for IBO Decision,HOSTING AGREEMENT,Disaster recovery hosting,Chloe Evans (CEV31),Jason Bourne (YTU76),IronGate Security,2024-07-22,Chloe Evans (CEV31),2024-08-16,2026-08-17,2026-07-18,2024-06-02,24,451284.96,376880.90,361601.11,377685.98,89683.85,COMPANION DATA SERVICES
CTR-10234,1,Renewal,Draft,WARRANTY,Cloud hosting services,GRACE MORGAN (GMO26),Natalie Ross (NRO84),Carolina Data Systems,,Aaron Jackson (AJA11),2024-07-26,2027-07-27,2027-03-29,2024-07-09,36,1147950.22,1003718.86,993755.91,967829.76,154194.31,MEDICAID
CTR-10040,1,Renewal,Pending Revision,LEASE,Office equipment purchase,Chloe Evans (CEV31),Emma Sullivan (ESU75),Summit Enterprise Systems,,Ava Mitchell (AMI14),2024-04-10,2026-04-11,2025-12-12,2024-02-03,24,1684183.49,1464332.90,1491988.77,1453410.05,192194.72,CORPORATE INFORMATION SYSTEMS
CTR-10092,1,Renewal,Draft,SUBSCRIPTION,Office equipment purchase,PRIYA SHAH (PSH62),Noah Parker (NPA82),Apex Technology Solutions,,Aaron Jackson (AJA11),2025-03-29,2026-03-29,2026-02-27,2025-02-09,12,1102438.37,1048495.53,1059957.28,1070433.62,42481.09,PAL
CTR-10243,1,Renewal,Approved,SOW,Facilities maintenance services,Marcus Hill (MHI58),Taylor Grant (TGR55),Liberty Professional Services,2026-03-08,Emma Sullivan (ESU75),2026-03-09,2027-09-08,2027-06-10,2026-02-26,18,1534863.56,1525946.39,1545994.89,1581510.02,0.00,PALMETTO GBA
CTR-10189,1,New,Waiting on IBO Expiration Reply,WARRANTY,Document management solution,Natalie Ross (NRO84),Natalie Ross (NRO84),Apex Technology Solutions,2024-01-09,Nora Bennett (NBE47),2024-02-17,2025-08-18,2025-04-20,2023-12-10,18,678635.38,622150.31,614586.76,659664.54,64048.62,COMPANION DATA SERVICES
CTR-10056,1,New,Approved,PURCHASE,Database administration services,Grace Morgan (GMO26),Nora Bennett (NBE47),Redwood Consulting,2026-01-10,Noah Parker (NPA82),2026-01-13,2026-04-14,2026-02-13,2025-11-03,3,960852.58,826830.80,818890.41,858514.60,141962.17,PAL
CTR-10447,1,New,Draft,SOW,Document management solution,Priya Shah (PSH62),Caleb Price (CPR91),United Technology Partners,,Nora Bennett (NBE47),2026-04-20,2027-04-20,2027-03-21,2026-03-16,12,1117756.93,1117537.60,1128664.72,1179656.93,0.00,COMPANION DATA SERVICES
CTR-10291,1,Renewal,Waiting on Contract Manager Approval,SOW,Enterprise software licensing and support,Aaron Jackson (AJA11),Miles Cooper (MCO36),Xenon Cloud Services,2025-04-23,Sofia Turner (STU33),2025-05-05,2025-11-04,2025-08-06,2025-04-03,6,243106.85,202183.78,192699.13,197533.62,50407.72,PRIVATE BUSINESS
CTR-10123,1,Renewal,Waiting on Vendor Approval,LEASE,Training and implementation services,Ava Mitchell (AMI14),DANIEL REED (DRE44),Keystone Medical Systems,2026-02-19,Maya Carter (MCA21),2026-04-12,2031-04-12,2031-01-12,2026-02-15,60,1410561.70,1399789.90,1453451.83,1482309.23,0.00,COMPANION DATA SERVICES
CTR-10365,1,New,Review in Progress,HOSTING AGREEMENT,Application development statement of work,Grace Morgan (GMO26),Miles Cooper (MCO36),Metro Facilities Group,2024-09-08,Isaac Ward (IWA63),2024-09-11,2024-12-11,2024-10-27,2024-08-02,3,1357672.25,1140609.07,1102849.60,1106903.78,254822.65,BLUECHOICE
CTR-10107,1,New,IBO Expiration Reply Past Due (2),LEASE,Document management solution,Morgan Davis (MDA70),Noah Parker (NPA82),Westbridge Solutions,2026-07-07,Jordan Lee (JLE39),2026-07-11,2028-01-10,2027-09-12,2026-05-30,18,69161.63,58455.67,58582.98,55851.39,10578.65,PALMETTO GBA
CTR-10157,1,Renewal,Approved,SFWCONTRACT,IT staff augmentation,Priya Shah (PSH62),Taylor Grant (TGR55),Westbridge Solutions,2025-07-17,marcus hill (MHI58),2025-08-21,2028-08-21,2028-06-22,2025-07-16,36,1532399.88,1417441.49,1367599.05,1301364.41,164800.83,PALMETTO GBA
CTR-10264,1,New,Review in Progress,PURCHASE,Hardware warranty and support,Lucas Hughes (LHU28),Liam Foster (LFO73),United Technology Partners,,Caleb Price (CPR91),2026-09-20,2027-03-22,2026-11-22,2026-07-14,6,1615354.82,1328729.28,1388116.60,1380492.66,227238.22,COMPANION DATA SERVICES
CTR-10398,1,Renewal,Approved,SERVICE,Hardware warranty and support,Lucas Hughes (LHU28),Jason Bourne (YTU76),Pioneer Health Technologies,2025-01-31,Miles Cooper (MCO36),2025-02-18,2027-02-19,2027-01-20,2024-12-22,24,182417.84,160402.33,153460.08,156825.00,28957.76,PALMETTO GBA
CTR-10408,1,New,Review in Progress,SERVICE,Data analytics platform services,Jordan Lee (JLE39),Ava Mitchell (AMI14),IronGate Security,,Jordan Lee (JLE39),2024-03-23,2025-09-22,2025-05-25,2024-02-10,18,346075.43,335528.65,320888.49,342518.74,25186.94,COMPANION DATA SERVICES
CTR-10299,1,Renewal,Review in Progress,LEASE,Disaster recovery hosting,AARON JACKSON (AJA11),ZOE RAMIREZ (ZRA52),Blue Ridge Consulting LLC,2024-07-08,Daniel Reed (DRE44),2024-07-23,2029-07-23,2029-03-25,2024-06-19,60,1026946.04,949625.67,983920.37,948989.33,43025.67,MEDICAID
CTR-10412,1,Renewal,Waiting on IBO Expiration Reply,HOSTING AGREEMENT,Cybersecurity monitoring services,Natalie Ross (NRO84),aaron jackson (AJA11),Yorkshire Equipment Leasing,2025-06-21,Miles Cooper (MCO36),2025-08-04,2027-02-03,2026-12-05,2025-05-21,18,617350.40,581551.27,581729.36,599978.11,35621.04,PAL
CTR-10003,1,New,Waiting on Vendor Approval,WARRANTY,IT staff augmentation,Daniel Reed (DRE44),Priya Shah (PSH62),Frontier Network Services,2026-12-26,Isaac Ward (IWA63),2027-01-08,2027-07-10,2027-05-26,2026-12-19,6,387723.53,352952.62,346600.03,353168.77,41123.50,COMPANION DATA SERVICES
CTR-10292,2,Renewal,IBO Expiration Reply Past Due (2),SERVICE,Database administration services,Natalie Ross (NRO84),Liam Foster (LFO73),Frontier Network Services,2026-04-23,Zoe Ramirez (ZRA52),2026-05-03,2027-11-02,2027-09-18,2026-03-24,18,1682122.31,1631993.43,1610906.63,1594491.83,71215.68,COMPANION DATA SERVICES
CTR-10157,2,New,Pending Revision,SUBSCRIPTION,Enterprise software licensing and support,Maya Carter (MCA21),Grace Morgan (GMO26),Yorkshire Equipment Leasing,2025-06-28,Marcus Hill (MHI58),2025-07-15,2025-08-14,2025-06-30,2025-06-12,1,534160.42,473920.76,465477.66,490064.00,68682.76,PAL
CTR-10110,1,Renewal,Pending Revision,SFWCONTRACT,Network infrastructure maintenance,Sofia Turner (STU33),Zoe Ramirez (ZRA52),Carolina Data Systems,,Lucas Hughes (LHU28),2024-04-04,2027-04-05,2027-01-05,2024-02-26,36,1094035.19,970959.97,932261.38,963167.45,161773.81,COMPANION LIFE
CTR-10056,2,New,Waiting on Vendor Approval,LEASE,Facilities maintenance services,Marcus Hill (MHI58),Lucas Hughes (LHU28),Yorkshire Equipment Leasing,2026-06-11,Ethan Collins (ECO67),2026-06-16,2027-06-16,2027-04-17,2026-05-07,12,958194.33,835981.90,796009.58,836107.04,162184.75,PAL
CTR-10160,1,Renewal,Manager Draft Approval Past Due,WARRANTY,Office equipment purchase,Isaac Ward (IWA63),Grace Morgan (GMO26),Frontier Network Services,2025-06-07,Priya Shah (PSH62),2025-06-14,2026-12-14,2026-08-16,2025-06-05,18,218946.83,195725.38,193695.86,196257.77,25250.97,MEDICAID
CTR-10262,1,New,Review in Progress,HOSTING AGREEMENT,Business intelligence reporting support,Zoe Ramirez (ZRA52),Liam Foster (LFO73),Keystone Medical Systems,,TAYLOR GRANT (TGR55),2024-07-07,2029-07-07,2029-06-07,2024-04-23,60,926733.15,901959.23,908626.99,918529.28,18106.16,PGBA LLC
CTR-10350,1,New,Draft,WARRANTY,Medical claims processing support,Daniel  Reed (DRE44),Lucas Hughes (LHU28),United Technology Partners,,Miles Cooper (MCO36),2026-06-04,2026-07-04,2026-04-05,2026-04-21,1,1491659.64,1228227.92,1194479.89,1201084.71,297179.75,MEDICAID
CTR-10167,1,New,Waiting for IBO Decision,SERVICE,Managed network services,Marcus  Hill (MHI58),Marcus  Hill (MHI58),Liberty Professional Services,2026-11-11,SOFIA TURNER (STU33),2026-12-28,2027-01-27,2026-12-13,2026-11-07,1,592792.58,519737.13,505709.63,494151.61,87082.95,PRIVATE BUSINESS
CTR-10479,1,Renewal,Waiting on IBO Expiration Reply,HOSTING AGREEMENT,Medical claims processing support,CALEB PRICE (CPR91),Taylor Grant (TGR55),Oakline Software,2026-06-15,Ethan Collins (ECO67),2026-07-04,2030-07-04,2030-04-05,2026-06-02,48,1388915.81,1286468.12,1238180.45,1332284.26,150735.36,CGS
CTR-10083,1,Renewal,Approved,WARRANTY,Training and implementation services,Nora  Bennett (NBE47),Daniel Reed (DRE44),Liberty Professional Services,2026-10-29,Grace Morgan (GMO26),2026-11-07,2027-02-06,2026-11-08,2026-10-29,3,687152.29,615415.32,643820.97,620005.12,43331.32,MEDICAID
CTR-10434,1,Renewal,Draft,LEASE,Database administration services,Noah Parker (NPA82),LIAM FOSTER (LFO73),Pioneer Health Technologies,,ava mitchell (AMI14),2024-01-19,2024-07-20,2024-03-22,2023-12-24,6,848313.80,701571.08,708320.51,692225.58,139993.29,BLUECHOICE
CTR-10421,1,New,Approved,PURCHASE,Software subscription renewal,SOFIA TURNER (STU33),Ethan Collins (ECO67),Liberty Professional Services,2025-06-22,Aaron Jackson (AJA11),2025-06-27,2027-06-28,2027-05-29,2025-06-17,24,56151.92,50800.10,51993.65,50369.59,4158.27,CGS
CTR-10369,1,New,Approved,HOSTING AGREEMENT,Hardware warranty and support,Nora Bennett (NBE47),Olivia Brooks (OBR19),Harbor Business Solutions,2027-01-01,Isaac Ward (IWA63),2027-01-04,2031-01-04,2030-11-20,2026-12-28,48,859857.03,844309.80,823781.39,817169.67,36075.64,CGS
CTR-10049,1,New,Waiting on Contract Manager Approval,SERVICE,Medical claims processing support,Marcus Hill (MHI58),Marcus Hill (MHI58),Harbor Business Solutions,2026-03-25,Daniel Reed (DRE44),2026-04-07,2027-10-07,2027-06-09,2026-03-18,18,411071.01,350739.28,356328.99,353735.40,54742.02,PGBA LLC
CTR-10295,1,Renewal,Draft,PURCHASE,Facilities maintenance services,priya shah (PSH62),Taylor Grant (TGR55),Northstar Communications,,Maya Carter (MCA21),2026-02-27,2026-03-29,2026-02-12,2026-01-28,1,,1110258.48,1081150.76,1082858.19,63011.26,MEDICAID
CTR-10096,1,Renewal,Waiting on SAM/HAM Approval,SUBSCRIPTION,Document management solution,Natalie Ross (NRO84),ISAAC WARD (IWA63),Global Cloud Partners,2026-10-28,Noah Parker (NPA82),2026-11-19,2028-11-19,2028-09-20,2026-10-20,24,617064.48,602844.11,619241.94,625013.94,0.00,PALMETTO GBA
CTR-10134,1,New,Manager Draft Approval Past Due,HOSTING AGREEMENT,Disaster recovery hosting,Ava Mitchell (AMI14),OLIVIA BROOKS (OBR19),Evergreen Software Inc.,2025-11-15,Jordan Lee (JLE39),2025-12-12,2027-06-13,2027-03-15,2025-10-11,18,1771839.50,1479369.23,1533657.27,1557603.92,238182.23,CGS
CTR-10099,1,New,Waiting on Contract Manager Approval,HOSTING AGREEMENT,Office equipment purchase,Miles Cooper (MCO36),Marcus Hill (MHI58),Xenon Cloud Services,2026-12-24,Miles Cooper (MCO36),2026-12-27,2028-12-27,2028-08-29,2026-11-21,24,304322.47,258240.43,262899.01,271453.21,41423.46,MEDICAID
CTR-10366,1,New,Waiting on Vendor Approval,SUBSCRIPTION,Office equipment purchase,Caleb Price (CPR91),Miles Cooper (MCO36),IronGate Security,2024-09-27,Zoe Ramirez (ZRA52),2024-10-05,2026-04-06,2026-03-07,2024-09-19,18,1276472.20,1200217.83,1165262.06,1218106.54,111210.14,BLUECHOICE
CTR-10071,1,New,Waiting on SAM/HAM Approval,SERVICE,Database administration services,Caleb Price (CPR91),Ava Mitchell (AMI14),Frontier Network Services,2025-07-15,Daniel Reed (DRE44),2025-07-19,2026-01-18,2025-10-20,2025-06-27,6,1700092.28,,1432386.97,1485945.28,267705.31,PAL
CTR-10159,1,New,Waiting on IBO Expiration Reply,WARRANTY,Data analytics platform services,Chloe Evans (CEV31),Emma Sullivan (ESU75),Vanguard Software Group,2025-11-28,isaac ward (IWA63),2025-11-30,2027-06-01,2027-05-02,2025-10-06,18,1604554.56,1348324.47,1343811.05,1378813.58,260743.51,PALMETTO GBA
CTR-10388,1,New,Review in Progress,LEASE,Training and implementation services,Ava Mitchell (AMI14),Priya Shah (PSH62),TriCounty Business Solutions,2026-04-18,Jordan Lee (JLE39),2026-05-13,2026-06-12,2026-05-13,2026-04-01,1,1628992.79,1523511.88,1497433.88,1552400.49,,MEDICAID
CTR-10365,2,Renewal,Draft,WARRANTY,Data analytics platform services,Priya Shah (PSH62),Morgan Davis (MDA70),Summit Enterprise Systems,2027-02-07,Zoe Ramirez (ZRA52),2027-03-04,2030-03-04,2029-11-04,2026-12-21,36,80571.71,67632.18,69919.54,72265.21,10652.17,PAL
CTR-10122,1,New,Waiting for IBO Decision,SUBSCRIPTION,Database administration services,Grace Morgan (GMO26),Isaac Ward (IWA63),Westbridge Solutions,2024-03-10,Lucas Hughes (LHU28),2024-03-17,2027-03-18,2026-12-18,2024-03-07,36,1022639.35,843008.65,880602.60,847883.41,142036.75,BLUECHOICE
CTR-10434,2,Renewal,Manager Draft Approval Past Due,SOW,Hardware warranty and support,Isaac Ward (IWA63),Liam Foster (LFO73),Harbor Business Solutions,2024-11-23,Aaron Jackson (AJA11),2024-11-24,2025-11-24,2025-07-27,2024-10-07,12,725370.97,640311.83,660511.71,700019.28,64859.26,CORPORATE INFORMATION SYSTEMS
CTR-10378,1,Renewal,Waiting on Vendor Approval,SOW,Application development statement of work,Aaron Jackson (AJA11),Natalie Ross (NRO84),Delta Office Supply,2025-01-19,Sofia Turner (STU33),2025-02-18,2026-08-20,2026-05-22,2024-12-29,18,1451586.01,1424354.90,1460643.31,1569768.09,0.00,CGS
CTR-10465,1,New,Waiting for IBO Decision,SFWCONTRACT,Disaster recovery hosting,Caleb Price (CPR91),Daniel  Reed (DRE44),Redwood Consulting,2026-03-23,Daniel Reed (DRE44),2026-04-08,2027-10-08,2027-08-24,2026-02-17,18,640070.37,540184.71,533985.56,565945.25,106084.81,COMPANION DATA SERVICES
CTR-10314,1,New,Approved,SERVICE,Document management solution,emma sullivan (ESU75),NOAH PARKER (NPA82),Blue Ridge Consulting LLC,2025-02-16,Ava Mitchell (AMI14),2025-03-24,2026-03-24,2026-02-07,2025-01-20,12,265951.17,232287.81,243079.68,258023.99,22871.49,COMPANION LIFE
CTR-10290,1,New,Approved,SUBSCRIPTION,Managed network services,Jordan Lee (JLE39),Grace Morgan (GMO26),Metro Facilities Group,2025-11-29,Noah Parker (NPA82),2026-01-16,2027-01-16,2026-11-17,2025-11-25,12,1724773.51,1456068.81,1508479.24,1626462.31,216294.27,CORPORATE INFORMATION SYSTEMS
CTR-10469,1,Renewal,Review in Progress,WARRANTY,Disaster recovery hosting,Natalie Ross (NRO84),Grace Morgan (GMO26),Keystone Medical Systems,2025-03-28,Aaron Jackson (AJA11),2025-04-03,2029-04-03,2029-02-02,2025-03-21,48,897353.64,806284.06,842821.95,819454.17,54531.69,CGS
CTR-10177,1,New,Waiting on Contract Manager Approval,LEASE,Hardware warranty and support,Lucas Hughes (LHU28),TAYLOR GRANT (TGR55),Carolina Data Systems,2024-09-05,Natalie Ross (NRO84),2024-09-30,2027-10-01,2027-08-17,2024-07-28,36,971420.28,914534.08,899035.77,920685.86,72384.51,CORPORATE INFORMATION SYSTEMS
CTR-10276,1,Renewal,Review in Progress,HOSTING AGREEMENT,Training and implementation services,LUCAS HUGHES (LHU28),Daniel Reed (DRE44),Blue Ridge Consulting LLC,2024-10-28,Miles Cooper (MCO36),2024-11-26,2025-11-26,2025-10-12,2024-10-28,12,1170685.59,1064265.01,1023769.74,984440.34,146915.85,MEDICAID
CTR-10198,1,Renewal,Pending Revision,WARRANTY,Medical claims processing support,Olivia Brooks (OBR19),Sofia Turner (STU33),Keystone Medical Systems,,Noah Parker (NPA82),2025-01-12,2026-07-14,2026-04-15,2024-12-11,18,1774216.66,1657014.25,1630455.65,1708287.08,143761.01,COMPANION DATA SERVICES
CTR-10285,1,New,Manager Draft Approval Past Due,PURCHASE,Enterprise software licensing and support,Jason Bourne (YTU76),CHLOE EVANS (CEV31),Quantum Data Services,2024-04-05,Lucas Hughes (LHU28),2024-05-22,2024-11-21,2024-10-07,2024-03-13,6,965709.12,961498.04,922746.38,958561.43,42962.74,BLUECHOICE
CTR-10225,1,Renewal,Waiting on Senior Management Approval,PURCHASE,Business intelligence reporting support,Jason Bourne (YTU76),Emma Sullivan (ESU75),Evergreen Software Inc.,2025-09-22,Olivia Brooks (OBR19),2025-09-30,2027-04-01,2027-03-02,2025-08-10,18,328848.08,300346.16,312366.93,316957.05,16481.15,PALMETTO GBA
CTR-10232,1,Renewal,Review in Progress,SUBSCRIPTION,Document management solution,Daniel Reed (DRE44),grace morgan (GMO26),Delta Office Supply,2026-04-07,Zoe  Ramirez (ZRA52),2026-04-07,2026-05-07,2026-03-08,2026-03-24,1,867360.00,842942.29,856400.71,897593.15,10959.29,PGBA LLC
CTR-10335,1,New,Review in Progress,SUBSCRIPTION,Disaster recovery hosting,Chloe Evans (CEV31),Isaac Ward (IWA63),United Technology Partners,,Chloe Evans (CEV31),2026-05-23,2029-05-23,2029-02-22,2026-03-29,36,47782.30,40078.71,40324.20,41503.93,7458.10,COMPANION LIFE
CTR-10394,1,Renewal,Approved,HOSTING AGREEMENT,Office equipment purchase,Lucas Hughes (LHU28),Lucas Hughes (LHU28),Carolina Data Systems,2024-03-30,Aaron Jackson (AJA11),2024-04-08,2029-04-08,2029-03-09,2024-03-26,60,695898.00,614699.10,617020.43,652244.27,78877.57,CORPORATE INFORMATION SYSTEMS
CTR-10434,3,New,Manager Draft Approval Past Due,HOSTING AGREEMENT,Office equipment purchase,Sofia Turner (STU33),Jordan Lee (JLE39),Delta Office Supply,2025-01-16,Jordan  Lee (JLE39),2025-02-27,2025-03-29,2025-02-27,2025-01-03,1,1621075.65,1363226.68,1334659.13,1424843.99,286416.52,PALMETTO GBA
CTR-10090,2,Renewal,Waiting on SAM/HAM Approval,SOW,Database administration services,Marcus Hill (MHI58),Natalie Ross (NRO84),Blue Ridge Consulting LLC,2025-09-11,Nora Bennett (NBE47),2025-09-26,2026-09-26,2026-07-28,2025-07-29,12,23358.18,22616.32,22338.44,23668.53,1019.74,COMPANION DATA SERVICES
CTR-10005,1,Renewal,Pending Revision,WARRANTY,Medical claims processing support,Daniel Reed (DRE44),olivia brooks (OBR19),Vanguard Software Group,2026-12-21,ZOE RAMIREZ (ZRA52),2027-01-04,2029-01-04,2028-11-20,2026-11-26,24,516228.18,449923.32,465918.46,458461.39,50309.72,COMPANION LIFE
CTR-10103,1,Renewal,Review in Progress,WARRANTY,Office equipment purchase,Maya Carter (MCA21),OLIVIA BROOKS (OBR19),Evergreen Software Inc.,2024-12-29,Maya Carter (MCA21),2025-01-12,2025-04-13,2025-03-14,2024-12-06,3,791404.87,669288.38,675780.58,645598.02,115624.29,PGBA LLC
CTR-10107,2,Renewal,Approved,HOSTING AGREEMENT,Medical claims processing support,Sofia Turner (STU33),Ethan Collins (ECO67),Keystone Medical Systems,2024-11-01,Maya Carter (MCA21),2024-11-09,2026-05-11,2026-01-11,2024-10-25,18,335213.88,286601.51,291130.16,293183.59,44083.72,CORPORATE INFORMATION SYSTEMS
CTR-10270,1,New,Approved,SOW,Cloud hosting services,Nora Bennett (NBE47),Jason Bourne (YTU76),Delta Office Supply,2025-09-28,Sofia Turner (STU33),2025-10-20,2027-10-21,2027-09-21,2025-09-25,24,1233348.31,1012655.79,962369.43,921559.46,270978.88,CGS
CTR-10390,1,Renewal,Review in Progress,LEASE,Enterprise software licensing and support,Lucas Hughes (LHU28),Chloe Evans (CEV31),United Technology Partners,,Caleb Price (CPR91),2025-05-01,2029-05-01,2029-01-01,2025-03-23,48,1778419.58,1603951.59,1671225.57,1620934.93,107194.01,PALMETTO GBA
CTR-10326,1,Renewal,Waiting on Vendor Approval,SUBSCRIPTION,Cybersecurity monitoring services,TAYLOR GRANT (TGR55),chloe evans (CEV31),Frontier Network Services,2027-01-10,Isaac Ward (IWA63),2027-01-13,2028-01-13,2027-10-15,2026-12-21,12,638529.76,631849.84,626867.11,629565.35,11662.65,MEDICAID
CTR-10186,1,New,Waiting for IBO Decision,PURCHASE,Business intelligence reporting support,Ethan Collins (ECO67),Lucas  Hughes (LHU28),Global Cloud Partners,2025-12-09,Taylor Grant (TGR55),2026-01-14,2030-01-14,2029-09-16,2025-11-16,48,1160980.09,996623.00,960877.27,926405.34,200102.82,COMPANION LIFE
CTR-10396,1,Renewal,Pending Revision,SERVICE,Office equipment purchase,Sofia Turner (STU33),Miles Cooper (MCO36),Keystone Medical Systems,,ISAAC WARD (IWA63),2025-02-26,2028-02-27,2027-10-30,2025-01-28,36,1344019.20,1238386.71,1195768.34,1198451.58,148250.86,PGBA LLC
CTR-10239,1,New,Waiting on Contract Manager Approval,WARRANTY,Facilities maintenance services,Miles Cooper (MCO36),Maya Carter (MCA21),TriCounty Business Solutions,2024-01-10,DANIEL REED (DRE44),2024-01-18,2024-02-17,2023-12-19,2023-12-31,1,1677154.95,1482949.37,1519071.69,1632294.72,158083.26,PRIVATE BUSINESS
CTR-10161,1,Renewal,Waiting on SAM/HAM Approval,WARRANTY,Facilities maintenance services,Chloe Evans (CEV31),emma sullivan (ESU75),Westbridge Solutions,2024-07-12,marcus hill (MHI58),2024-08-30,2029-08-30,2029-05-02,2024-07-02,60,1013187.01,945468.48,964364.86,951404.28,48822.15,COMPANION DATA SERVICES
CTR-10075,3,Renewal,Approved,HOSTING AGREEMENT,Medical claims processing support,Caleb Price (CPR91),MORGAN DAVIS (MDA70),Metro Facilities Group,2025-12-27,Jordan Lee (JLE39),2026-01-12,2030-01-12,2029-09-14,2025-12-13,48,1609708.54,1601102.08,1672607.95,1712218.30,0.00,PALMETTO GBA
CTR-10035,1,New,Waiting for IBO Decision,SUBSCRIPTION,Medical claims processing support,Aaron Jackson (AJA11),Jordan Lee (JLE39),Delta Office Supply,2026-08-21,Daniel Reed (DRE44),2026-10-10,2026-11-09,2026-07-12,2026-08-11,1,660562.68,571709.63,572477.02,616938.29,88085.66,COMPANION LIFE
CTR-10085,2,New,Draft,SFWCONTRACT,Cybersecurity monitoring services,LIAM FOSTER (LFO73),Taylor Grant (TGR55),Oakline Software,,Priya Shah (PSH62),2024-06-13,2026-06-14,2026-02-14,2024-06-02,24,1760956.35,1641828.60,1680352.67,1600531.85,80603.68,PAL
CTR-10018,1,Renewal,Draft,SUBSCRIPTION,Facilities maintenance services,Nora Bennett (NBE47),liam foster (LFO73),Liberty Professional Services,,Grace Morgan (GMO26),2027-02-05,2028-02-05,2027-11-07,2026-12-24,12,1644476.44,1620433.70,1553152.53,1610011.79,91323.91,PGBA LLC
CTR-10415,1,New,Waiting on IBO Expiration Reply,SERVICE,Professional consulting services,daniel reed (DRE44),Ava Mitchell (AMI14),Frontier Network Services,2024-01-16,DANIEL REED (DRE44),2024-01-28,2026-01-28,2025-09-30,2024-01-12,24,1051045.07,1044545.39,1093546.03,1128572.72,0.00,MEDICAID
CTR-10028,2,Renewal,Draft,LEASE,Software subscription renewal,Jason Bourne (YTU76),Priya Shah (PSH62),Carolina Data Systems,2026-02-12,Maya Carter (MCA21),2026-03-03,2028-03-03,2027-11-04,2026-01-31,24,1276286.54,1160341.10,1184275.92,1197299.83,92010.62,CGS
CTR-10226,1,New,Approved,PURCHASE,Office equipment purchase,Emma Sullivan (ESU75),Ethan Collins (ECO67),IronGate Security,2024-12-25,Jordan Lee (JLE39),2025-01-20,2025-07-22,2025-05-23,2024-12-15,6,713429.01,692373.77,678299.16,680738.77,35129.85,COMPANION DATA SERVICES
CTR-10176,1,Renewal,Review in Progress,SFWCONTRACT,Application development statement of work,DANIEL REED (DRE44),Zoe Ramirez (ZRA52),Yorkshire Equipment Leasing,2026-05-23,TAYLOR GRANT (TGR55),2026-05-30,2026-08-29,2026-05-31,2026-05-22,3,576524.50,552800.23,575712.51,599172.72,811.99,COMPANION DATA SERVICES
CTR-10372,2,Renewal,Pending Revision,WARRANTY,Hardware warranty and support,Morgan Davis (MDA70),Emma Sullivan (ESU75),Pioneer Health Technologies,2024-11-15,Ethan Collins (ECO67),2024-12-15,2025-01-14,2024-11-15,2024-10-17,1,587240.16,565703.30,590889.15,592319.94,0.00,CORPORATE INFORMATION SYSTEMS
CTR-10377,1,Renewal,Pending Revision,HOSTING AGREEMENT,Medical claims processing support,aaron jackson (AJA11),GRACE MORGAN (GMO26),Keystone Medical Systems,,Priya Shah (PSH62),2024-11-05,2025-05-07,2025-03-23,2024-10-17,6,852757.36,740841.67,718450.21,728976.88,134307.15,PAL
CTR-10142,1,New,Review in Progress,WARRANTY,Telecommunications services,Zoe Ramirez (ZRA52),Maya Carter (MCA21),Northstar Communications,,OLIVIA BROOKS (OBR19),2025-10-24,2029-10-24,2029-06-26,2025-09-10,48,936179.05,850950.89,826818.25,838200.14,109360.80,COMPANION DATA SERVICES
CTR-10159,2,Renewal,Pending Revision,LEASE,Training and implementation services,Chloe Evans (CEV31),Grace Morgan (GMO26),Evergreen Software Inc.,,Marcus Hill (MHI58),2026-08-27,2026-11-26,2026-10-27,2026-06-24,3,446767.18,442310.15,450638.04,481425.18,0.00,PGBA LLC
CTR-10243,2,Renewal,Review in Progress,SOW,Office equipment purchase,Aaron Jackson (AJA11),Ava Mitchell (AMI14),Evergreen Software Inc.,2025-04-28,Natalie Ross (NRO84),2025-05-25,2029-05-25,2029-01-25,2025-03-19,48,922174.04,772048.61,791364.67,815951.51,130809.37,MEDICAID
CTR-10456,1,Renewal,Waiting on Contract Manager Approval,LEASE,Document management solution,Morgan Davis (MDA70),Marcus Hill (MHI58),Metro Facilities Group,2025-04-24,MORGAN DAVIS (MDA70),2025-05-20,2026-05-20,2026-04-20,2025-04-02,12,1485582.02,1347214.26,1299539.07,1280641.80,186042.95,COMPANION LIFE
CTR-10274,1,New,Waiting on SAM/HAM Approval,SERVICE,Training and implementation services,Chloe Evans (CEV31),Taylor Grant (TGR55),TriCounty Business Solutions,2025-07-15,Miles Cooper (MCO36),2025-08-01,2026-08-01,2026-05-03,2025-06-01,12,1474362.83,1211873.94,1182908.68,1145916.46,291454.15,CGS
CTR-10040,2,New,Waiting on IBO Expiration Reply,PURCHASE,Document management solution,emma sullivan (ESU75),Isaac Ward (IWA63),United Technology Partners,2026-06-23,Olivia Brooks (OBR19),2026-07-22,2028-01-21,2027-12-07,2026-05-18,18,297407.46,250755.06,262192.14,253306.17,35215.32,PAL
CTR-10161,2,Renewal,Manager Draft Approval Past Due,HOSTING AGREEMENT,Telecommunications services,caleb price (CPR91),Natalie Ross (NRO84),United Technology Partners,2025-10-22,Maya Carter (MCA21),2025-10-25,2025-11-24,2025-07-27,2025-10-11,1,1292500.06,1090528.85,1042968.48,1000025.61,249531.58,MEDICAID
CTR-10120,1,New,Manager Draft Approval Past Due,SOW,Facilities maintenance services,Liam Foster (LFO73),Zoe Ramirez (ZRA52),Carolina Data Systems,2026-03-09,Maya Carter (MCA21),2026-03-21,2026-09-20,2026-05-23,2026-03-03,6,810054.17,681048.87,709068.88,697651.53,100985.29,PAL
CTR-10026,1,Renewal,Waiting on Contract Manager Approval,WARRANTY,Cloud hosting services,Morgan Davis (MDA70),Marcus Hill (MHI58),Blue Ridge Consulting LLC,2025-10-22,Marcus Hill (MHI58),2025-10-23,2028-10-23,2028-07-25,2025-10-14,36,1379138.33,1253086.34,1274343.96,1326115.73,104794.37,COMPANION LIFE